name,price,currency,source
Ekol ES P95 B,5130.0,TL,Image-Ekol
Ekol ES 1911,4320.0,TL,Image-Ekol
Ekol ES 1911 C,4320.0,TL,Image-Ekol
Ekol HAVALI TÜFEK MAJÖR,3712.5,TL,Image-Ekol
Ekol ULTIMATE,3712.5,TL,Image-Ekol
Ekol THUNDER,3915.0,TL,Image-Ekol
Ekol THUNDER-M,4050.0,TL,Image-Ekol
Ekol ULTIMATE-F,4185.0,TL,Image-Ekol
Ekol MAJÖR-F,4185.0,TL,Image-Ekol
Ekol THUNDER-F,4455.0,TL,Image-Ekol
Ekol THUNDER-FM,4590.0,TL,Image-Ekol
Ekol AK,4725.0,TL,Image-Ekol
Ekol AKL,4725.0,TL,Image-Ekol
Ekol M,4590.0,TL,Image-Ekol
Ekol ML,4590.0,TL,Image-Ekol
Ekol MS,4590.0,TL,Image-Ekol
Ekol MC,4590.0,TL,Image-Ekol
Ekol PCP 1,11475.0,TL,Image-Ekol
Ekol PCP 2,11475.0,TL,Image-Ekol
Ekol PCP 3,11475.0,TL,Image-Ekol
Ekol PCP 4,11475.0,TL,Image-Ekol
Ekol ALP,3280.5,TL,Image-Ekol
Ekol ALP-2,3280.5,TL,Image-Ekol
Ekol ALPER,3280.5,TL,Image-Ekol
Ekol ARAS MAGNUM,3645.0,TL,Image-Ekol
Ekol ARAS COMPACT,3645.0,TL,Image-Ekol
Ekol BOTAN,2551.5,TL,Image-Ekol
Ekol DİCLE,3645.0,TL,Image-Ekol
Ekol FIRAT COMPACT,3645.0,TL,Image-Ekol
Ekol FIRAT MAGNUM,3645.0,TL,Image-Ekol
Ekol FIRAT P92,3645.0,TL,Image-Ekol
Ekol FIRAT PA92,3645.0,TL,Image-Ekol
Ekol FIRAT PB92,3645.0,TL,Image-Ekol
Ekol FIRAT PC92,3645.0,TL,Image-Ekol
Ekol GEDİZ,3839.4,TL,Image-Ekol
Ekol KURA,2673.0,TL,Image-Ekol
Ekol LADY,2737.8,TL,Image-Ekol
Ekol MAJAROV,3013.2,TL,Image-Ekol
Ekol KURUSIKI MAJÖR,2737.8,TL,Image-Ekol
Ekol NİG 211,3888.0,TL,Image-Ekol
Ekol P29,3078.0,TL,Image-Ekol
Ekol P29 REV 2,3280.5,TL,Image-Ekol
Ekol SAVA,3402.0,TL,Image-Ekol
Ekol SPECIAL 99,3078.0,TL,Image-Ekol
Ekol SPECIAL 99 REV 2,3280.5,TL,Image-Ekol
Ekol TİSA,2430.0,TL,Image-Ekol
Ekol TUNA,2187.0,TL,Image-Ekol
Ekol VOLGA,2349.0,TL,Image-Ekol
Ekol ARDA,2916.0,TL,Image-Ekol
Ekol VIPER LITE,3483.0,TL,Image-Ekol
"Ekol VIPER 2,5",3564.0,TL,Image-Ekol
Ekol VIPER 3,3564.0,TL,Image-Ekol
"Ekol VIPER 4,5",3645.0,TL,Image-Ekol
Ekol VIPER 6,3726.0,TL,Image-Ekol
HUNTHİNK HAKİ AVCI YELEGİ,1575.0,TL,HUNTHINK  AVCI YELEĞİ  FİYAT LİSTESİE.pdf (PDF)
HUNTHİNK HAKİ TURUNCULU AVCI YELEGİ,1575.0,TL,HUNTHINK  AVCI YELEĞİ  FİYAT LİSTESİE.pdf (PDF)
HUNTHİNK CAMEL AVCI YELEGİ,1575.0,TL,HUNTHINK  AVCI YELEĞİ  FİYAT LİSTESİE.pdf (PDF)
HUNTHİNK CAMEL TURUNCULU AV YELEGİ,1575.0,TL,HUNTHINK  AVCI YELEĞİ  FİYAT LİSTESİE.pdf (PDF)
HUNTHİNK HAKI AVCI YELEGİ,1575.0,TL,HUNTHINK  AVCI YELEĞİ  FİYAT LİSTESİE.pdf (PDF)
HUNTHİNK HAKI CEPLİ AVCI YELEGİ,1575.0,TL,HUNTHINK  AVCI YELEĞİ  FİYAT LİSTESİE.pdf (PDF)
HUNTHİNK LUXS SAZ KAMUFLAJ AVCI YELEGİ,1631.25,TL,HUNTHINK  AVCI YELEĞİ  FİYAT LİSTESİE.pdf (PDF)
HUNTHİNK LUXS ORMAN KAMUFLAJ AVCI YELEGİ,1631.25,TL,HUNTHINK  AVCI YELEĞİ  FİYAT LİSTESİE.pdf (PDF)
HUNTHİNK ORMAN KAMUFLAJ AVCI YELEGİ,1125.0,TL,HUNTHINK  AVCI YELEĞİ  FİYAT LİSTESİE.pdf (PDF)
HUNTHİNK SAZ KAMUFLAJ AVCI YELEGİ,1125.0,TL,HUNTHINK  AVCI YELEĞİ  FİYAT LİSTESİE.pdf (PDF)
HUNTHİNK HAKİ PREMIUM AVCI YELEGİ,2475.0,TL,HUNTHINK  AVCI YELEĞİ  2026 FİYAT LİSTESİE.pdf (PDF)
HUNTHİNK HAKİ TURUNCU PREMIUM AVCI YELEGİ,2475.0,TL,HUNTHINK  AVCI YELEĞİ  2026 FİYAT LİSTESİE.pdf (PDF)
Ballistol Universal Yağ 50 ml (Cam Şişe),174.38,TL,BALLISTOL 2026 Fiyat Listesi.pdf (PDF)
Ballistol Universal Yağ 100 ml (PLS Şişe),315.0,TL,BALLISTOL 2026 Fiyat Listesi.pdf (PDF)
Ballistol Anniversary Wooden box,956.25,TL,BALLISTOL 2026 Fiyat Listesi.pdf (PDF)
Ballistol Universal Yağ 500 ml,770.63,TL,BALLISTOL 2026 Fiyat Listesi.pdf (PDF)
Ballistol Universal Yağ 10 LT,13415.63,TL,BALLISTOL 2026 Fiyat Listesi.pdf (PDF)
Ballistol Universal Kalem Yağ 15 ml,320.62,TL,BALLISTOL 2026 Fiyat Listesi.pdf (PDF)
Ballistol Universal Spray Yağ 50 ml,213.75,TL,BALLISTOL 2026 Fiyat Listesi.pdf (PDF)
Ballistol Universal Spray Yağ 75 ml ÖZEL FİYAT !!!,191.25,TL,BALLISTOL 2026 Fiyat Listesi.pdf (PDF)
Ballistol Universal Spray Yağ 200 ml,416.25,TL,BALLISTOL 2026 Fiyat Listesi.pdf (PDF)
Ballistol Universal Flex-Sprey Yağ 350 ml,720.0,TL,BALLISTOL 2026 Fiyat Listesi.pdf (PDF)
Ballistol Universal Sprey Yağ 400 ml,686.25,TL,BALLISTOL 2026 Fiyat Listesi.pdf (PDF)
Ballistol Universal Sprey-200 ml x 12 Adet Masaüstü Set,4995.0,TL,BALLISTOL 2026 Fiyat Listesi.pdf (PDF)
Ballistol Universal Sprey-200 ml x 18 Adet Masaüstü ve Duvar Seti,7492.5,TL,BALLISTOL 2026 Fiyat Listesi.pdf (PDF)
Gunex Gun Care Sprey Yağ 200 ml,478.12,TL,BALLISTOL 2026 Fiyat Listesi.pdf (PDF)
Gunex Gun Care Sprey Yağ 50 ml,241.88,TL,BALLISTOL 2026 Fiyat Listesi.pdf (PDF)
Guncer Ceramic Gun Sprey Yağ 50ml,264.38,TL,BALLISTOL 2026 Fiyat Listesi.pdf (PDF)
Guncer Ceramic Gun Sprey Yağ 200ml,877.5,TL,BALLISTOL 2026 Fiyat Listesi.pdf (PDF)
Guncer Ceramic Gun Yağ 65 ml,348.75,TL,BALLISTOL 2026 Fiyat Listesi.pdf (PDF)
Usta Garage Sprey Yağ 200 ml,264.38,TL,BALLISTOL 2026 Fiyat Listesi.pdf (PDF)
Usta Garage Sprey Yağ 400 ml,433.12,TL,BALLISTOL 2026 Fiyat Listesi.pdf (PDF)
"Balsin Stockoil Bright, 50 ml",286.88,TL,BALLISTOL 2026 Fiyat Listesi.pdf (PDF)
Balsin Stockoil Reddish brown 50 ml,286.88,TL,BALLISTOL 2026 Fiyat Listesi.pdf (PDF)
Ballistol Alu Browning 50ml (Alüminyum için silah boyası),905.62,TL,BALLISTOL 2026 Fiyat Listesi.pdf (PDF)
Balsin Stockoil Dark brown 50 ml,286.88,TL,BALLISTOL 2026 Fiyat Listesi.pdf (PDF)
Cold Degreaser Sprey Yağ 50 ml (Soğuk Yağ Çözücü),241.88,TL,BALLISTOL 2026 Fiyat Listesi.pdf (PDF)
Cold Degreaser Sprey Yağ 200 ml (Soğuk Yağ Çözücü),348.75,TL,BALLISTOL 2026 Fiyat Listesi.pdf (PDF)
Plastic Clenaner 150 ml (Plastik Temizleyici),382.5,TL,BALLISTOL 2026 Fiyat Listesi.pdf (PDF)
"Cleaner for optics and lenses, 30ml (Optik Temizleyici Sprey)",286.88,TL,BALLISTOL 2026 Fiyat Listesi.pdf (PDF)
Robla Solo MIL 65 ml,298.12,TL,BALLISTOL 2026 Fiyat Listesi.pdf (PDF)
Klever Quick-browning 50 ml (Çelik için silay boyası),720.0,TL,BALLISTOL 2026 Fiyat Listesi.pdf (PDF)
Ballistol Set Quick Bluing Çantalı (50ml Universal + Silah Boyası 50ml + Cold Degreaser 50ml + 2 parça bez + 2 parça fırça),1676.25,TL,BALLISTOL 2026 Fiyat Listesi.pdf (PDF)
Vaseline gun grease 70 ml,410.63,TL,BALLISTOL 2026 Fiyat Listesi.pdf (PDF)
Cleaner for Gun Parts (Silah Parça Temizleyici),421.88,TL,BALLISTOL 2026 Fiyat Listesi.pdf (PDF)
Guncer Ceramic Gun Grease 70 g (Seramik Tabanca Gresi),1366.88,TL,BALLISTOL 2026 Fiyat Listesi.pdf (PDF)
Scherell's Schaftol Reddish Brown 50 ml Süngerli,421.88,TL,BALLISTOL 2026 Fiyat Listesi.pdf (PDF)
Scherell's Schaftol Dark 50 ml Süngerli,421.88,TL,BALLISTOL 2026 Fiyat Listesi.pdf (PDF)
Scherell's Schaftol Extra Dark 50 ml Süngerli,421.88,TL,BALLISTOL 2026 Fiyat Listesi.pdf (PDF)
Scherell's Schaftol Reddish Brown 500 ml,1912.5,TL,BALLISTOL 2026 Fiyat Listesi.pdf (PDF)
Scherell's Schaftol Dark 500 ml,1912.5,TL,BALLISTOL 2026 Fiyat Listesi.pdf (PDF)
Scherell's Schaftol Extra Dark 500 ml,1912.5,TL,BALLISTOL 2026 Fiyat Listesi.pdf (PDF)
Ballistol Alu Browning 50ml (Alüminyum için silah boyası) SET,1912.5,TL,BALLISTOL 2026 Fiyat Listesi.pdf (PDF)
MAVORIC 12 KALİBRE AHŞAP MARİN 7+1 POMPALI AV TÜFEĞİ,13750.0,TL,MAVORIC TOPTAN FİYAT LİSTESİ.pdf (PDF)
MAVORIC 12 KALİBRE AHŞAP SİYAH 7+1 POMPALI AV TÜFEĞİ,12500.0,TL,MAVORIC TOPTAN FİYAT LİSTESİ.pdf (PDF)
MAVORIC 12 KALİBRE TAKTİK KABZELİ SİYAH 7+1 Y.OTO AV TÜFEĞİ,11458.33,TL,MAVORIC TOPTAN FİYAT LİSTESİ.pdf (PDF)
MAVORIC 12 KALİBRE AHŞAP SİYAH 5+1 Y.OTO AV TÜFEĞİ (66CM - 71CM),12500.0,TL,MAVORIC TOPTAN FİYAT LİSTESİ.pdf (PDF)
MAVORIC 12 KALİBRE AHŞAP SİYAH 7+1 Y.OTO AV TÜFEĞİ (51CM),12500.0,TL,MAVORIC TOPTAN FİYAT LİSTESİ.pdf (PDF)
MAVORIC 12 KALİBRE AHŞAP GRİ 5+1 Y.OTO AV TÜFEĞİ (66CM - 71CM),12500.0,TL,MAVORIC TOPTAN FİYAT LİSTESİ.pdf (PDF)
MAVORIC 12 KALİBRE AHŞAP BRONZ 5+1 Y.OTO AV TÜFEĞİ (66CM - 71CM),12500.0,TL,MAVORIC TOPTAN FİYAT LİSTESİ.pdf (PDF)
MAVORIC 12 KALİBRE AHŞAP SİYAH GEZLİ SLUG NAMLU Y.OTO AV TÜFEĞİ (61CM),14166.67,TL,MAVORIC TOPTAN FİYAT LİSTESİ.pdf (PDF)
MAVORIC 12 KALİBRE AHŞAP SİYAH CANTILEVER SLUG NAMLU Y.OTO AV TÜFEĞİ (61CM),15000.0,TL,MAVORIC TOPTAN FİYAT LİSTESİ.pdf (PDF)
MAVORIC 12 KALİBRE MAX5 KAMUFLAJ Y.OTO AV TÜFEĞİ (66CM - 71CM ),17083.33,TL,MAVORIC TOPTAN FİYAT LİSTESİ.pdf (PDF)
A 12 AĞAÇ YARI OTOMATİK AV TÜFEĞİ,15166.67,TL,KRAL ARMS 2026 OTOMATİK  FİYAT LİSTESİ.pdf (PDF)
A 12 PLASTİK YARI OTOMATİK AV TÜFEĞİ,14000.0,TL,KRAL ARMS 2026 OTOMATİK  FİYAT LİSTESİ.pdf (PDF)
A 12 CANTİLEVER AĞAÇ YARI OTOMATİK AV TÜFEĞİ,17500.0,TL,KRAL ARMS 2026 OTOMATİK  FİYAT LİSTESİ.pdf (PDF)
A 12 CANTİLEVER PLASTİK YARI OTOMATİK AV TÜFEĞİ,16333.33,TL,KRAL ARMS 2026 OTOMATİK  FİYAT LİSTESİ.pdf (PDF)
AZTECA AĞAÇ YARI OTOMATİK YİVSİZ AV TÜFEĞİ,16916.67,TL,KRAL ARMS 2026 OTOMATİK  FİYAT LİSTESİ.pdf (PDF)
AZTECA PLASTİK YARI OTOMATİK YİVSİZ AV TÜFEĞİ,15750.0,TL,KRAL ARMS 2026 OTOMATİK  FİYAT LİSTESİ.pdf (PDF)
AZARAX AĞAÇ YARI OTOMATİK YİVSİZ AV TÜFEĞİ,16333.33,TL,KRAL ARMS 2026 OTOMATİK  FİYAT LİSTESİ.pdf (PDF)
AZARAX PLASTİK YARI OTOMATİK AV TÜFEĞİ,15166.67,TL,KRAL ARMS 2026 OTOMATİK  FİYAT LİSTESİ.pdf (PDF)
AZARAX ELİTE AĞAÇ YARI OTOMATİK AV TÜFEĞİ,17500.0,TL,KRAL ARMS 2026 OTOMATİK  FİYAT LİSTESİ.pdf (PDF)
AZARAX CANTİLEVER AĞAÇ YARI OTOMATİK AV TÜFEĞİ,19833.33,TL,KRAL ARMS 2026 OTOMATİK  FİYAT LİSTESİ.pdf (PDF)
AZARAX CANTİLEVER PLASTİK YARI OTOMATİK AV TÜFEĞİ,18666.67,TL,KRAL ARMS 2026 OTOMATİK  FİYAT LİSTESİ.pdf (PDF)
AZARAX E-200 / E-220 AĞAÇ YARI OTOMATİK AV TÜFEĞİ,17500.0,TL,KRAL ARMS 2026 OTOMATİK  FİYAT LİSTESİ.pdf (PDF)
AZARAX E-200 / E-220 PLASTİK YARI OTOMATİK AV TÜFEĞİ,16333.33,TL,KRAL ARMS 2026 OTOMATİK  FİYAT LİSTESİ.pdf (PDF)
KINEMATIX AĞAÇ YARI OTOMATİK YİVSİZ AV TÜFEĞİ,17500.0,TL,KRAL ARMS 2026 OTOMATİK  FİYAT LİSTESİ.pdf (PDF)
KINEMATIX PLASTİK YARI OTOMATİK YİVSİZ AV TÜFEĞİ,16333.33,TL,KRAL ARMS 2026 OTOMATİK  FİYAT LİSTESİ.pdf (PDF)
KRAL ARMS TAKTİKAL X YARI OTO.AV TÜFEĞİ,15166.67,TL,KRAL ARMS 2026 OTOMATİK  FİYAT LİSTESİ.pdf (PDF)
KRAL ARMS TAKTİKAL XM YARI OTO.AV TÜFEĞİ,15166.67,TL,KRAL ARMS 2026 OTOMATİK  FİYAT LİSTESİ.pdf (PDF)
KRAL ARMS TAKTİKAL X-TAC YARI OTO.AV TÜFEĞİ,16333.33,TL,KRAL ARMS 2026 OTOMATİK  FİYAT LİSTESİ.pdf (PDF)
10.YIL DW Y.OTO. AV TÜFEĞİ,26041.67,TL,ARMSAN FİYAT LİSTESİ 01.02.2026.pdf (PDF)
10.YIL DW SLUG Y.OTO. AV TÜFEĞİ,28416.67,TL,ARMSAN FİYAT LİSTESİ 01.02.2026.pdf (PDF)
10.YIL DW BRONZ Y.OTO. AV TÜFEĞİ,26554.17,TL,ARMSAN FİYAT LİSTESİ 01.02.2026.pdf (PDF)
10.YIL DW BRONZ SLUG Y.OTO. AV TÜFEĞİ,28929.17,TL,ARMSAN FİYAT LİSTESİ 01.02.2026.pdf (PDF)
A612 S - A620 S Y.OTO. AV TÜFEĞİ,22525.0,TL,ARMSAN FİYAT LİSTESİ 01.02.2026.pdf (PDF)
A612 S - A620 S SLUG Y.OTO. AV TÜFEĞİ,24900.0,TL,ARMSAN FİYAT LİSTESİ 01.02.2026.pdf (PDF)
A612 W - A616 W - A620 W Y.OTO. AV TÜFEĞİ,24775.0,TL,ARMSAN FİYAT LİSTESİ 01.02.2026.pdf (PDF)
A612 W - A616 W - A620 W SLUG Y. OTO. AV TÜFEĞİ,27150.0,TL,ARMSAN FİYAT LİSTESİ 01.02.2026.pdf (PDF)
A612 LW - A620 LW SOL Y.OTO. AV TÜFEĞİ,26566.67,TL,ARMSAN FİYAT LİSTESİ 01.02.2026.pdf (PDF)
A612 LW - A620 LW SOL SLUG Y.OTO. AV TÜFEĞİ,29858.33,TL,ARMSAN FİYAT LİSTESİ 01.02.2026.pdf (PDF)
A612 DW2 - A620 DW2 Y.OTO. AV TÜFEĞİ,27225.0,TL,ARMSAN FİYAT LİSTESİ 01.02.2026.pdf (PDF)
A612 DW2 - A620 DW2 SLUG Y. OTO. AV TÜFEĞİ,29600.0,TL,ARMSAN FİYAT LİSTESİ 01.02.2026.pdf (PDF)
"A612 DW2,5 - A620 DW2,5 Y.OTO. AV TÜFEĞİ",29345.83,TL,ARMSAN FİYAT LİSTESİ 01.02.2026.pdf (PDF)
"A612 DW2,5 - A620 DW2,5 SLUG Y. OTO. AV TÜFEĞİ",31720.83,TL,ARMSAN FİYAT LİSTESİ 01.02.2026.pdf (PDF)
A612 DW3 - A620 DW3 Y.OTO. AV TÜFEĞİ,33000.0,TL,ARMSAN FİYAT LİSTESİ 01.02.2026.pdf (PDF)
A612 DW3 - A620 DW3 SLUG Y. OTO. AV TÜFEĞİ,35379.17,TL,ARMSAN FİYAT LİSTESİ 01.02.2026.pdf (PDF)
A612 C CAMO Y. OTO AV TÜFEĞİ,26183.33,TL,ARMSAN FİYAT LİSTESİ 01.02.2026.pdf (PDF)
A612 C CAMO SLUG Y. OTO AV TÜFEĞİ,28558.33,TL,ARMSAN FİYAT LİSTESİ 01.02.2026.pdf (PDF)
A612 FONEKS UPLAND GOLD Y. OTO AV TÜFEĞİ,27775.0,TL,ARMSAN FİYAT LİSTESİ 01.02.2026.pdf (PDF)
A612 DW2 UPLAND GOLD Y. OTO AV TÜFEĞİ,27516.67,TL,ARMSAN FİYAT LİSTESİ 01.02.2026.pdf (PDF)
A612 FONEKS SLUG BOAR Y. OTO AV TÜFEĞİ,31062.5,TL,ARMSAN FİYAT LİSTESİ 01.02.2026.pdf (PDF)
CRE8 W Y.OTO. AV TÜFEĞİ (28 CAL.),25195.83,TL,ARMSAN FİYAT LİSTESİ 01.02.2026.pdf (PDF)
A636 W Y. OTO. AV TÜFEĞİ,25125.0,TL,ARMSAN FİYAT LİSTESİ 01.02.2026.pdf (PDF)
A636 W SLUG Y. OTO. AV TÜFEĞİ,28416.67,TL,ARMSAN FİYAT LİSTESİ 01.02.2026.pdf (PDF)
A636 DW2 BRONZ Y. OTO. AV TÜFEĞİ,28087.5,TL,ARMSAN FİYAT LİSTESİ 01.02.2026.pdf (PDF)
A636 DW2 BRONZ SLUG Y. OTO. AV TÜFEĞİ,31379.17,TL,ARMSAN FİYAT LİSTESİ 01.02.2026.pdf (PDF)
A-CHALLANGE Y. OTO ATIŞ TÜFEĞİ,30470.83,TL,ARMSAN FİYAT LİSTESİ 01.02.2026.pdf (PDF)
A612 S SPORTING Y. OTO ATIŞ TÜFEĞİ,28362.5,TL,ARMSAN FİYAT LİSTESİ 01.02.2026.pdf (PDF)
A612 DW2 SPOTING Y. OTO ATIŞ TÜFEĞİ,33425.0,TL,ARMSAN FİYAT LİSTESİ 01.02.2026.pdf (PDF)
P636 S POMPALI AV TÜFEĞİ,23437.5,TL,ARMSAN FİYAT LİSTESİ 01.02.2026.pdf (PDF)
P636 W POMPALI AV TÜFEĞİ,24704.17,TL,ARMSAN FİYAT LİSTESİ 01.02.2026.pdf (PDF)
ARMSAN SP612 W ÇELİK SUPERPOZE (EJEKTÖRLÜ-SELEKTÖRLÜ),31212.5,TL,ARMSAN FİYAT LİSTESİ 01.02.2026.pdf (PDF)
ARMSAN SP612 W ÇELİK SLUG SUPERPOZE (EJEKTÖRLÜ-SELEKTÖRLÜ),33587.5,TL,ARMSAN FİYAT LİSTESİ 01.02.2026.pdf (PDF)
PARAGON W Y.OTO. AV TÜFEĞİ,27370.83,TL,ARMSAN FİYAT LİSTESİ 01.02.2026.pdf (PDF)
PARAGON W SLUG Y.OTO. AV TÜFEĞİ,29745.83,TL,ARMSAN FİYAT LİSTESİ 01.02.2026.pdf (PDF)
PARAGON DW BRONZ Y.OTO. AV TÜFEĞİ,27879.17,TL,ARMSAN FİYAT LİSTESİ 01.02.2026.pdf (PDF)
PARAGON LAMİNE GRANİT Y. OTO AV TÜFEĞİ,31937.5,TL,ARMSAN FİYAT LİSTESİ 01.02.2026.pdf (PDF)
PARAGON LAMİNE GRANİT SLUG Y. OTO AV TÜFEĞİ,34316.67,TL,ARMSAN FİYAT LİSTESİ 01.02.2026.pdf (PDF)
PARAGON GRANDE S Y. OTO. AV TÜFEĞİ,25820.83,TL,ARMSAN FİYAT LİSTESİ 01.02.2026.pdf (PDF)
ARMTAC RS-A1 (7+1) Y.OTO. AV TÜFEĞİ,20300.0,TL,ARMSAN FİYAT LİSTESİ 01.02.2026.pdf (PDF)
ARMTAC RS-A1 CAMO (7+1) Y.OTO. AV TÜFEĞİ,23954.17,TL,ARMSAN FİYAT LİSTESİ 01.02.2026.pdf (PDF)
ARMTAC RS-A2 (7+1) Y.OTO. AV TÜFEĞİ,21845.83,TL,ARMSAN FİYAT LİSTESİ 01.02.2026.pdf (PDF)
ARMTAC RS-A2 (7+1) TELESKOPİK Y.OTO.AV TÜFEĞİ,22829.17,TL,ARMSAN FİYAT LİSTESİ 01.02.2026.pdf (PDF)
ARMTAC RS-A2 (7+1) CAMO TELESKOPİK Y.OTO.AV TÜFEĞİ,26487.5,TL,ARMSAN FİYAT LİSTESİ 01.02.2026.pdf (PDF)
ARMTAC RS-A3 (9+1) Y.OTO. AV TÜFEĞİ,24658.33,TL,ARMSAN FİYAT LİSTESİ 01.02.2026.pdf (PDF)
ARMTAC RS-A3 (9+1) CAMO Y.OTO. AV TÜFEĞİ,28312.5,TL,ARMSAN FİYAT LİSTESİ 01.02.2026.pdf (PDF)
ARMTAC RS-X1 (5+1) (7+1) POMPALI AV TÜFEĞİ,17766.67,TL,ARMSAN FİYAT LİSTESİ 01.02.2026.pdf (PDF)
ARMTAC RS-X2 (5+1) (7+1) POMPALI AV TÜFEĞİ,19595.83,TL,ARMSAN FİYAT LİSTESİ 01.02.2026.pdf (PDF)
ARMTAC RS-X2 (7+1) TELESKOPİK POMPALI AV TÜFEĞİ,20158.33,TL,ARMSAN FİYAT LİSTESİ 01.02.2026.pdf (PDF)
ARMTAC RS-X2 (7+1) CAMO TELESKOPİK POMPALI AV TÜFEĞİ,23812.5,TL,ARMSAN FİYAT LİSTESİ 01.02.2026.pdf (PDF)
ARMTAC RS-X3 (9+1) POMPALI AV TÜFEĞİ,23250.0,TL,ARMSAN FİYAT LİSTESİ 01.02.2026.pdf (PDF)
ARMTAC RS-S1 TELESKOPİK DİPÇİK AV TÜFEĞİ,23041.67,TL,ARMSAN FİYAT LİSTESİ 01.02.2026.pdf (PDF)
ARMTAC RS-S1 AHŞAP DİPÇİK AV TÜFEĞİ,24291.67,TL,ARMSAN FİYAT LİSTESİ 01.02.2026.pdf (PDF)
ARMTAC RS-S1 CAMO TELESKOPİK DİPÇİK AV TÜFEĞİ,26525.0,TL,ARMSAN FİYAT LİSTESİ 01.02.2026.pdf (PDF)
ARMTAC RS-15 BULLPUB AV TÜFEĞİ (YENİ ÜRÜN),30000.0,TL,ARMSAN FİYAT LİSTESİ 01.02.2026.pdf (PDF)
ARMTAC RS-15 BULLPUB CAMO AV TÜFEĞİ (YENİ ÜRÜN),33658.33,TL,ARMSAN FİYAT LİSTESİ 01.02.2026.pdf (PDF)
ARMTAC RS-23 AV TÜFEĞİ (YENİ ÜRÜN),27241.67,TL,ARMSAN FİYAT LİSTESİ 01.02.2026.pdf (PDF)
ARMTAC RS-23 CAMO AV TÜFEĞİ (YENİ ÜRÜN),30720.83,TL,ARMSAN FİYAT LİSTESİ 01.02.2026.pdf (PDF)
PHENOMA INERTIA AURA DW2 Y.OTO. AV TÜFEĞİ,29820.83,TL,ARMSAN FİYAT LİSTESİ 01.02.2026.pdf (PDF)
"PHENOMA INERTIA AURA DW2,5 Y.OTO. AV TÜFEĞİ",31937.5,TL,ARMSAN FİYAT LİSTESİ 01.02.2026.pdf (PDF)
"PHENOMA INERTIA AURA DW2,5 SLUG - CANTILEVER Y.OTO. AV TÜFEĞİ",34316.67,TL,ARMSAN FİYAT LİSTESİ 01.02.2026.pdf (PDF)
PHENOMA INERTIA AURA DW3 Y.OTO. AV TÜFEĞİ,35595.83,TL,ARMSAN FİYAT LİSTESİ 01.02.2026.pdf (PDF)
PHENOMA INERTIA AURA DW BRONZ Y.OTO. AV TÜFEĞİ,27879.17,TL,ARMSAN FİYAT LİSTESİ 01.02.2026.pdf (PDF)
PHENOMA INERTIA AURA DW BRONZ SLUG - CANTILEVER Y.OTO. AV TÜFEĞİ,30258.33,TL,ARMSAN FİYAT LİSTESİ 01.02.2026.pdf (PDF)
PHENOMA INERTIA AURA LAMİNE Y. OTO. AV TÜFEĞİ,30916.67,TL,ARMSAN FİYAT LİSTESİ 01.02.2026.pdf (PDF)
PHENOMA INERTIA AURA LAMİNE SLUG - CANTILEVER Y. OTO. AV TÜFEĞİ,33291.67,TL,ARMSAN FİYAT LİSTESİ 01.02.2026.pdf (PDF)
PHENOMA INERTIA AURA LAMİNE GRANİT Y. OTO. AV TÜFEĞİ,30391.67,TL,ARMSAN FİYAT LİSTESİ 01.02.2026.pdf (PDF)
PHENOMA INERTIA AURA LAMİNE GRANİT SLUG - CANTILEVER Y. OTO. AV TÜF,34316.67,TL,ARMSAN FİYAT LİSTESİ 01.02.2026.pdf (PDF)
PHENOMA INERTIA ARGENTUM DW Y.OTO. AV TÜFEĞİ,27879.17,TL,ARMSAN FİYAT LİSTESİ 01.02.2026.pdf (PDF)
PHENOMA INERTIA ARGENTUM DW SLUG - CANTILEVER Y.OTO. AV TÜFEĞİ,30258.33,TL,ARMSAN FİYAT LİSTESİ 01.02.2026.pdf (PDF)
PHENOMA INERTIA ARGENTUM DW2 Y.OTO. AV TÜFEĞİ,30329.17,TL,ARMSAN FİYAT LİSTESİ 01.02.2026.pdf (PDF)
PHENOMA INERTIA ARGENTUM DW2 SLUG - CANTILEVER Y.OTO. AV TÜFEĞİ,32708.33,TL,ARMSAN FİYAT LİSTESİ 01.02.2026.pdf (PDF)
PHENOMA INERTIA ARGENTUM FONEX Y.OTO. AV TÜFEĞİ,30587.5,TL,ARMSAN FİYAT LİSTESİ 01.02.2026.pdf (PDF)
PHENOMA INERTIA ARGENTUM FONEX SLUG - CANTILEVER Y.OTO. AV TÜFEĞİ,32962.5,TL,ARMSAN FİYAT LİSTESİ 01.02.2026.pdf (PDF)
PHENOMA INERTIA CARBO Y.OTO. AV TÜFEĞİ,24416.67,TL,ARMSAN FİYAT LİSTESİ 01.02.2026.pdf (PDF)
PHENOMA INERTIA CARBO SLUG - CANTILEVER Y.OTO. AV TÜFEĞİ,26791.67,TL,ARMSAN FİYAT LİSTESİ 01.02.2026.pdf (PDF)
PHENOMA INERTIA MILITA Y.OTO. AV TÜFEĞİ,24929.17,TL,ARMSAN FİYAT LİSTESİ 01.02.2026.pdf (PDF)
PHENOMA INERTIA MILITA SLUG - CANTILEVER Y.OTO. AV TÜFEĞİ,27304.17,TL,ARMSAN FİYAT LİSTESİ 01.02.2026.pdf (PDF)
PHENOMA INERTIA CAMO Y.OTO. AV TÜFEĞİ,28070.83,TL,ARMSAN FİYAT LİSTESİ 01.02.2026.pdf (PDF)
PHENOMA INERTIA CAMO SLUG - CANTILEVER Y.OTO. AV TÜFEĞİ,30450.0,TL,ARMSAN FİYAT LİSTESİ 01.02.2026.pdf (PDF)
PHENOMA AURA W Y.OTO. AV TÜFEĞİ,25820.83,TL,ARMSAN FİYAT LİSTESİ 01.02.2026.pdf (PDF)
PHENOMA AURA DW2 Y.OTO. AV TÜFEĞİ,28270.83,TL,ARMSAN FİYAT LİSTESİ 01.02.2026.pdf (PDF)
PHENOMA AURA DW2 SLUG - CANTILEVER Y.OTO. AV TÜFEĞİ,30650.0,TL,ARMSAN FİYAT LİSTESİ 01.02.2026.pdf (PDF)
"PHENOMA AURA DW2,5 SLUG - CANTILEVER Y.OTO. AV TÜFEĞİ",32770.83,TL,ARMSAN FİYAT LİSTESİ 01.02.2026.pdf (PDF)
PHENOMA AURA DW3 Y.OTO. AV TÜFEĞİ,34050.0,TL,ARMSAN FİYAT LİSTESİ 01.02.2026.pdf (PDF)
PHENOMA AURA DW3 SLUG - CANTILEVER Y.OTO. AV TÜFEĞİ,36425.0,TL,ARMSAN FİYAT LİSTESİ 01.02.2026.pdf (PDF)
PHENOMA AURA DW BRONZ Y.OTO. AV TÜFEĞİ,26333.33,TL,ARMSAN FİYAT LİSTESİ 01.02.2026.pdf (PDF)
PHENOMA AURA DW BRONZ SLUG - CANTILEVER Y.OTO. AV TÜFEĞİ,28712.5,TL,ARMSAN FİYAT LİSTESİ 01.02.2026.pdf (PDF)
PHENOMA AURA LAMİNE GRANİT Y. OTO. AV TÜFEĞİ,30391.67,TL,ARMSAN FİYAT LİSTESİ 01.02.2026.pdf (PDF)
PHENOMA ARGENTUM DW Y.OTO. AV TÜFEĞİ,26333.33,TL,ARMSAN FİYAT LİSTESİ 01.02.2026.pdf (PDF)
PHENOMA ARGENTUM DW SLUG - CANTILEVER Y.OTO. AV TÜFEĞİ,28712.5,TL,ARMSAN FİYAT LİSTESİ 01.02.2026.pdf (PDF)
PHENOMA ARGENTUM DW2 SLUG - CANTILEVER Y.OTO. AV TÜFEĞİ,31162.5,TL,ARMSAN FİYAT LİSTESİ 01.02.2026.pdf (PDF)
PHENOMA CARBO Y.OTO. AV TÜFEĞİ,23433.33,TL,ARMSAN FİYAT LİSTESİ 01.02.2026.pdf (PDF)
PHENOMA CAMO Y.OTO. AV TÜFEĞİ,27087.5,TL,ARMSAN FİYAT LİSTESİ 01.02.2026.pdf (PDF)
PHENOMA MAGNA Y. OTO. AV TÜFEĞİ,24454.17,TL,ARMSAN FİYAT LİSTESİ 01.02.2026.pdf (PDF)
PHENOMA MAGNA SLUG - CANTILEVER Y. OTO. AV TÜFEĞİ,26833.33,TL,ARMSAN FİYAT LİSTESİ 01.02.2026.pdf (PDF)
PHENOMA MILITA Y. OTO. AV TÜFEĞİ,23941.67,TL,ARMSAN FİYAT LİSTESİ 01.02.2026.pdf (PDF)
PHENOMA MILITA SLUG - CANTILEVER Y. OTO. AV TÜFEĞİ,26320.83,TL,ARMSAN FİYAT LİSTESİ 01.02.2026.pdf (PDF)
PHENOMA AURA W 20CAL Y.OTO. AV TÜFEĞİ,25820.83,TL,ARMSAN FİYAT LİSTESİ 01.02.2026.pdf (PDF)
A612 & A616 & A620 & Cre8 & A636 & MMXVI & PHENOMA & PARAGON & PARAGON GRANDE---SİYAH 61cm SLUG/CANTILE,8245.0,TL,ARMSAN FİYAT LİSTESİ 01.02.2026.pdf (PDF)
A612 & A616 & A620 & Cre8 & A636---SİYAH 61cm & 66cm & 71cm ŞERİTLİ,5686.67,TL,ARMSAN FİYAT LİSTESİ 01.02.2026.pdf (PDF)
A612 & A616 & A620 & Cre8 & A636---SİYAH 76cm ŞERİTLİ,6369.17,TL,ARMSAN FİYAT LİSTESİ 01.02.2026.pdf (PDF)
A612 & A616 & A620 & Cre8 & A636 & MMXVI & PHENOMA & PARAGON & PARAGON GRANDE---KAMUFLAJ 61cm SLUG/CAN,8567.5,TL,ARMSAN FİYAT LİSTESİ 01.02.2026.pdf (PDF)
A612 & A616 & A620 & Cre8 & A636---KAMUFLAJ 61cm & 66cm & 71cm ŞERİTLİ,5990.0,TL,ARMSAN FİYAT LİSTESİ 01.02.2026.pdf (PDF)
A612 & A616 & A620 & Cre8 & A636---KAMUFLAJ 76cm ŞERİTLİ,6672.5,TL,ARMSAN FİYAT LİSTESİ 01.02.2026.pdf (PDF)
MMXVI & PHENOMA & PARAGON & PARAGON GRANDE---SİYAH 61cm & 66cm & 71cm ŞERİTLİ,5781.67,TL,ARMSAN FİYAT LİSTESİ 01.02.2026.pdf (PDF)
MMXVI & PHENOMA & PARAGON & PARAGON GRANDE---SİYAH 76cm ŞERİTLİ,6463.33,TL,ARMSAN FİYAT LİSTESİ 01.02.2026.pdf (PDF)
MMXVI & PHENOMA & PARAGON & PARAGON GRANDE---KAMUFLAJ 61cm & 66cm & 71cm ŞERİTLİ,6103.33,TL,ARMSAN FİYAT LİSTESİ 01.02.2026.pdf (PDF)
MMXVI & PHENOMA & PARAGON & PARAGON GRANDE---KAMUFLAJ 76cm ŞERİTLİ,6785.83,TL,ARMSAN FİYAT LİSTESİ 01.02.2026.pdf (PDF)
RSA1 & RSX1---SİYAH 47cm & 51cm TAKTİK,3885.83,TL,ARMSAN FİYAT LİSTESİ 01.02.2026.pdf (PDF)
RSA1 & RSX1---KAMUFLAJ 47cm & 51cm TAKTİK,4208.33,TL,ARMSAN FİYAT LİSTESİ 01.02.2026.pdf (PDF)
RSA2 & RSA3 & RSX2 & RSX3---SİYAH 51cm & 61cm TAKTİK,4739.17,TL,ARMSAN FİYAT LİSTESİ 01.02.2026.pdf (PDF)
RSA2 & RSA3 & RSX2 & RSX3---KAMUFLAJ 51cm & 61cm TAKTİK,5042.5,TL,ARMSAN FİYAT LİSTESİ 01.02.2026.pdf (PDF)
A612 SPORTING---SİYAH 76cm SPORTING ŞERİTLİ,6634.17,TL,ARMSAN FİYAT LİSTESİ 01.02.2026.pdf (PDF)
A612 & A616 & A620 & Cre8 & A636---STANDART MOBİL (50mm-Flush) ŞOK,212.5,TL,ARMSAN FİYAT LİSTESİ 01.02.2026.pdf (PDF)
A612 & A616 & A620 & Cre8 & A636---STANDART SPORTING (50mm-Extended) ŞOK,379.17,TL,ARMSAN FİYAT LİSTESİ 01.02.2026.pdf (PDF)
A612 & A616 & A620 & Cre8 & A636---STANDART ŞOK SETİ,1558.33,TL,ARMSAN FİYAT LİSTESİ 01.02.2026.pdf (PDF)
A612 & A616 & A620 & Cre8 & A636---SPORTING ŞOK SETİ,2408.33,TL,ARMSAN FİYAT LİSTESİ 01.02.2026.pdf (PDF)
A612 & A616 & A620 & Cre8 & A636---NAMLU UZATMA PARÇASI-5cm SİYAH,533.33,TL,ARMSAN FİYAT LİSTESİ 01.02.2026.pdf (PDF)
A612 & A616 & A620 & Cre8 & A636---NAMLU UZATMA PARÇASI-5cm KAMUFLAJ,683.33,TL,ARMSAN FİYAT LİSTESİ 01.02.2026.pdf (PDF)
A612 & A616 & A620 & Cre8 & A636---NAMLU UZATMA PARÇASI-10cm SİYAH,683.33,TL,ARMSAN FİYAT LİSTESİ 01.02.2026.pdf (PDF)
A612 & A616 & A620 & Cre8 & A636---NAMLU UZATMA PARÇASI-10cm KAMUFLAJ,837.5,TL,ARMSAN FİYAT LİSTESİ 01.02.2026.pdf (PDF)
MMXVI & PHENOMA & PARAGON & PARAGON GRANDE---PRIMO (70mm-Flush) ŞOK,266.67,TL,ARMSAN FİYAT LİSTESİ 01.02.2026.pdf (PDF)
MMXVI & PHENOMA & PARAGON & PARAGON GRANDE---PRIMO SPORTING (70mm-Extended) ŞOK,683.33,TL,ARMSAN FİYAT LİSTESİ 01.02.2026.pdf (PDF)
MMXVI & PHENOMA & PARAGON & PARAGON GRANDE---STANDART ŞOK SETİ,1841.67,TL,ARMSAN FİYAT LİSTESİ 01.02.2026.pdf (PDF)
MMXVI & PHENOMA & PARAGON & PARAGON GRANDE---SPORTING ŞOK SETİ,3925.0,TL,ARMSAN FİYAT LİSTESİ 01.02.2026.pdf (PDF)
MMXVI & PHENOMA & PARAGON & PARAGON GRANDE---NAMLU UZATMA PARÇASI-10cm SİYAH,837.5,TL,ARMSAN FİYAT LİSTESİ 01.02.2026.pdf (PDF)
MMXVI & PHENOMA & PARAGON & PARAGON GRANDE---NAMLU UZATMA PARÇASI-10cm KAMUFLAJ,1008.33,TL,ARMSAN FİYAT LİSTESİ 01.02.2026.pdf (PDF)
PHENOMA INERTIA 3'LÜ ŞOK SETİ (1-3-5),2562.5,TL,ARMSAN FİYAT LİSTESİ 01.02.2026.pdf (PDF)
RSA2 & RSX2 & RSA2+ & RSX2+ & RSA3 & RSX3---STANDART (Weatherby Tip) ALEV GİZLEYEN,533.33,TL,ARMSAN FİYAT LİSTESİ 01.02.2026.pdf (PDF)
RSA2 & RSX2 & RSA2+ & RSX2+ & RSA3 & RSX3---DOORBUSTER ALEV GİZLEYEN,533.33,TL,ARMSAN FİYAT LİSTESİ 01.02.2026.pdf (PDF)
RSS1---NAMLU YÜZÜĞÜ,116.67,TL,ARMSAN FİYAT LİSTESİ 01.02.2026.pdf (PDF)
RSS1---DOORBUSTER ALEV GİZLEYEN,533.33,TL,ARMSAN FİYAT LİSTESİ 01.02.2026.pdf (PDF)
A612 & A616 & A620 & Cre8 & A636---SİYAH SENTETİK DİPÇİK & KUNDAK TAKIM,1158.33,TL,ARMSAN FİYAT LİSTESİ 01.02.2026.pdf (PDF)
A612 & A616 & A620 & Cre8 & A636---KAMUFLAJ DİPÇİK & KUNDAK TAKIM,2312.5,TL,ARMSAN FİYAT LİSTESİ 01.02.2026.pdf (PDF)
A612 & A616 & A620 & Cre8 & A636---W STANDART SATEN CEVİZ DİPÇİK & KUNDAK TAKIM,3529.17,TL,ARMSAN FİYAT LİSTESİ 01.02.2026.pdf (PDF)
A612 & A616 & A620 & Cre8 & A636---DW2 2 NUMARA YAĞLI CEVİZ DİPÇİK & KUNDAK TAKIM,5366.67,TL,ARMSAN FİYAT LİSTESİ 01.02.2026.pdf (PDF)
A612 & A616 & A620 & Cre8 & A636---DW2.5 2.5 NUMARA YAĞLI CEVİZ DİPÇİK & KUNDAK TAKIM,6937.5,TL,ARMSAN FİYAT LİSTESİ 01.02.2026.pdf (PDF)
A612 & A616 & A620 & Cre8 & A636---DW3 3 NUMARA PARLAK CEVİZ DİPÇİK & KUNDAK TAKIM,9666.67,TL,ARMSAN FİYAT LİSTESİ 01.02.2026.pdf (PDF)
A612 DW YANAK AYARLI DİPÇİK & KUNDAK TAKIM,4550.0,TL,ARMSAN FİYAT LİSTESİ 01.02.2026.pdf (PDF)
A612 & A616 & A620 & Cre8 & A636---W FONEX DİPÇİK & KUNDAK TAKIM,5537.5,TL,ARMSAN FİYAT LİSTESİ 01.02.2026.pdf (PDF)
A612 & A616 & A620 & Cre8 & A636 & MMXVI---KÖRÜKLÜ TABAN LASTİĞİ,212.5,TL,ARMSAN FİYAT LİSTESİ 01.02.2026.pdf (PDF)
A612 & A616 & A620 & Cre8 & A636 & MMXVI---İNCE TABAN LASTİĞİ,170.83,TL,ARMSAN FİYAT LİSTESİ 01.02.2026.pdf (PDF)
PHENOMA & PARAGON & PARAGON GRANDE---SİYAH SENTETİK DİPÇİK & KUNDAK TAKIM,1254.17,TL,ARMSAN FİYAT LİSTESİ 01.02.2026.pdf (PDF)
PHENOMA & PARAGON & PARAGON GRANDE---YEŞİL SENTETİK (MILITA) DİPÇİK & KUNDAK TAKIM,1633.33,TL,ARMSAN FİYAT LİSTESİ 01.02.2026.pdf (PDF)
PHENOMA & PARAGON & PARAGON GRANDE---KAMUFLAJ DİPÇİK & KUNDAK TAKIM,2429.17,TL,ARMSAN FİYAT LİSTESİ 01.02.2026.pdf (PDF)
PHENOMA & PARAGON & MMXVI---W STANDART SATEN CEVİZ DİPÇİK & KUNDAK TAKIM,3791.67,TL,ARMSAN FİYAT LİSTESİ 01.02.2026.pdf (PDF)
PHENOMA & PARAGON & MMXVI---DW2 2 NUMARA YAĞLI CEVİZ DİPÇİK & KUNDAK TAKIM,5633.33,TL,ARMSAN FİYAT LİSTESİ 01.02.2026.pdf (PDF)
PHENOMA & PARAGON & MMXVI---DW2.5 2.5 NUMARA YAĞLI CEVİZ DİPÇİK & KUNDAK TAKIM,7204.17,TL,ARMSAN FİYAT LİSTESİ 01.02.2026.pdf (PDF)
PHENOMA & PARAGON & MMXVI---DW3 3 NUMARA PARLAK CEVİZ DİPÇİK & KUNDAK TAKIM,9933.33,TL,ARMSAN FİYAT LİSTESİ 01.02.2026.pdf (PDF)
PHENOMA & PARAGON & MMXVI---W FONEX DİPÇİK & KUNDAK TAKIM,5783.33,TL,ARMSAN FİYAT LİSTESİ 01.02.2026.pdf (PDF)
PHENOMA & PARAGON---LAMİNE DİPÇİK & KUNDAK TAKIM,6408.33,TL,ARMSAN FİYAT LİSTESİ 01.02.2026.pdf (PDF)
PHENOMA & PARAGON & PARAGON GRANDE---TABAN LASTİĞİ,212.5,TL,ARMSAN FİYAT LİSTESİ 01.02.2026.pdf (PDF)
PHENOMA & PARAGON & PARAGON GRANDE---LOP ARA PARÇA,116.67,TL,ARMSAN FİYAT LİSTESİ 01.02.2026.pdf (PDF)
RSA1 & RSX1---SİYAH SENTETİK DİPÇİK & KUNDAK TAKIMI,1329.17,TL,ARMSAN FİYAT LİSTESİ 01.02.2026.pdf (PDF)
RSA1 & RSX1---KAMUFLAJ SENTETİK DİPÇİK & KUNDAK TAKIMI,2466.67,TL,ARMSAN FİYAT LİSTESİ 01.02.2026.pdf (PDF)
RSA2 & RSX2---SİYAH SENTETİK KABZALI DİPÇİK & KUNDAK TAKIMI,1487.5,TL,ARMSAN FİYAT LİSTESİ 01.02.2026.pdf (PDF)
RSA2 & RSX2---KAMUFLAJ SENTETİK KABZALI DİPÇİK & KUNDAK TAKIMI,2625.0,TL,ARMSAN FİYAT LİSTESİ 01.02.2026.pdf (PDF)
RSA2+ & RSX2+ & RSA3 & RSX3---SİYAH SENTETİK TELESKOPİK & YANAKLIKLI DİPÇİK & KUNDAK TAKIMI,3508.33,TL,ARMSAN FİYAT LİSTESİ 01.02.2026.pdf (PDF)
RSA2+ & RSX2+ & RSA3 & RSX3---KAMUFLAJ SENTETİK TELESKOPİK & YANAKLIKLI DİPÇİK & KUNDAK TAKIMI,4741.67,TL,ARMSAN FİYAT LİSTESİ 01.02.2026.pdf (PDF)
RSA3---SİYAH SENTETİK TELESKOPİK & YANAKLIKLI DİPÇİK & KUNDAK TAKIMI,3508.33,TL,ARMSAN FİYAT LİSTESİ 01.02.2026.pdf (PDF)
RSS1---SİYAH SENTETİK MONOBLOK DİPÇİK,533.33,TL,ARMSAN FİYAT LİSTESİ 01.02.2026.pdf (PDF)
RSS1---KAMUFLAJ SENTETİK MONOBLOK DİPÇİK,1479.17,TL,ARMSAN FİYAT LİSTESİ 01.02.2026.pdf (PDF)
RSS1---SİYAH SENTETİK TELESKOPİK & YANAKLIKLI DİPÇİK,2104.17,TL,ARMSAN FİYAT LİSTESİ 01.02.2026.pdf (PDF)
RSS1---KAMUFLAJ SENTETİK TELESKOPİK & YANAKLIKLI DİPÇİK,2845.83,TL,ARMSAN FİYAT LİSTESİ 01.02.2026.pdf (PDF)
RSS1---SİYAH SENTETİK EL KUNDAK (2 parça),266.67,TL,ARMSAN FİYAT LİSTESİ 01.02.2026.pdf (PDF)
RSS1---KAMUFLAJ SENTETİK EL KUNDAK (2 parça),1100.0,TL,ARMSAN FİYAT LİSTESİ 01.02.2026.pdf (PDF)
RSS1---STANDART YAĞLI CEVİZ DİPÇİK & KUNDAK (2 parça) TAKIM,3412.5,TL,ARMSAN FİYAT LİSTESİ 01.02.2026.pdf (PDF)
+2 ŞARJÖR UZATMA,533.33,TL,ARMSAN FİYAT LİSTESİ 01.02.2026.pdf (PDF)
+5 ŞARJÖR UZATMA,741.67,TL,ARMSAN FİYAT LİSTESİ 01.02.2026.pdf (PDF)
+7 ŞARJÖR UZATMA,950.0,TL,ARMSAN FİYAT LİSTESİ 01.02.2026.pdf (PDF)
AĞIR YÜK (Heavy Duty) GAZ PİSTONU (tüm modeller),212.5,TL,ARMSAN FİYAT LİSTESİ 01.02.2026.pdf (PDF)
ALÜMİNYUM KOL BAĞLANTISI---A612 & A616 & A620 & Cre8 & A636 & MMXVI & PHENOMA & PARAGON & PARAGON GRAN,570.83,TL,ARMSAN FİYAT LİSTESİ 01.02.2026.pdf (PDF)
ASKI KAYIŞI (Av tipi),420.83,TL,ARMSAN FİYAT LİSTESİ 01.02.2026.pdf (PDF)
ASKI KAYIŞLIK-DİPÇİK,154.17,TL,ARMSAN FİYAT LİSTESİ 01.02.2026.pdf (PDF)
ASKI KAYIŞLIK-RSS1 (QD PUSH-BUTTON),212.5,TL,ARMSAN FİYAT LİSTESİ 01.02.2026.pdf (PDF)
ASKI KAYIŞLIK-SOMUN,154.17,TL,ARMSAN FİYAT LİSTESİ 01.02.2026.pdf (PDF)
CHALLANGE GEZ,229.17,TL,ARMSAN FİYAT LİSTESİ 01.02.2026.pdf (PDF)
DİPÇİK AÇI AYAR SETİ,154.17,TL,ARMSAN FİYAT LİSTESİ 01.02.2026.pdf (PDF)
DİPÇİK SAPLAMA VİDASI,212.5,TL,ARMSAN FİYAT LİSTESİ 01.02.2026.pdf (PDF)
EL KUNDAK SEGMANI,8.33,TL,ARMSAN FİYAT LİSTESİ 01.02.2026.pdf (PDF)
İCRA YAYI (tüm modeller),116.67,TL,ARMSAN FİYAT LİSTESİ 01.02.2026.pdf (PDF)
KURMA KOLU---A612 & A616 & A620 & Cre8 & A636 & MMXVI & PHENOMA & PARAGON & PARAGON GRANDE,379.17,TL,ARMSAN FİYAT LİSTESİ 01.02.2026.pdf (PDF)
KURMA KOLU---RSA1 & RSA2 & RSA2+,266.67,TL,ARMSAN FİYAT LİSTESİ 01.02.2026.pdf (PDF)
KURMA KOLU---RSA3,533.33,TL,ARMSAN FİYAT LİSTESİ 01.02.2026.pdf (PDF)
CANTILEVER GEZ,800.0,TL,ARMSAN FİYAT LİSTESİ 01.02.2026.pdf (PDF)
LPA SLUG GEZ,1158.33,TL,ARMSAN FİYAT LİSTESİ 01.02.2026.pdf (PDF)
LPA SLUG GEZ için YEDEK FİBER OPTİK ŞERİT (YEŞİL),116.67,TL,ARMSAN FİYAT LİSTESİ 01.02.2026.pdf (PDF)
LPA SLUG/CANTILEVER ARPACIK (KIRMIZI),533.33,TL,ARMSAN FİYAT LİSTESİ 01.02.2026.pdf (PDF)
LPA STANDART ARPACIK (KIRMIZI/YEŞİL),212.5,TL,ARMSAN FİYAT LİSTESİ 01.02.2026.pdf (PDF)
MEKANİZMA---A612 & A616 & A620 & Cre8 & A636 & MMXVI & PHENOMA & PARAGON & PARAGON GRANDE,1329.17,TL,ARMSAN FİYAT LİSTESİ 01.02.2026.pdf (PDF)
PLASTİK TÜFEK ÇANTASI-HARDCASE (av tipi),837.5,TL,ARMSAN FİYAT LİSTESİ 01.02.2026.pdf (PDF)
PLASTİK TÜFEK ÇANTASI-HARDCASE (RSS1),1158.33,TL,ARMSAN FİYAT LİSTESİ 01.02.2026.pdf (PDF)
RSS1 PİSTON,212.5,TL,ARMSAN FİYAT LİSTESİ 01.02.2026.pdf (PDF)
RSS1 ŞARJÖR 10lu,1045.83,TL,ARMSAN FİYAT LİSTESİ 01.02.2026.pdf (PDF)
RSS1 ŞARJÖR 5li,837.5,TL,ARMSAN FİYAT LİSTESİ 01.02.2026.pdf (PDF)
RSS1 51CM TEKLİ KUTU,266.67,TL,ARMSAN FİYAT LİSTESİ 01.02.2026.pdf (PDF)
RS23 ALEV GİZLEYEN,362.5,TL,ARMSAN FİYAT LİSTESİ 01.02.2026.pdf (PDF)
RS23 ÇANTA,2883.33,TL,ARMSAN FİYAT LİSTESİ 01.02.2026.pdf (PDF)
RSA2 GEZ,570.83,TL,ARMSAN FİYAT LİSTESİ 01.02.2026.pdf (PDF)
STANDART GAZ PİSTONU (tüm modeller),379.17,TL,ARMSAN FİYAT LİSTESİ 01.02.2026.pdf (PDF)
STANDART RİBANA TAKIM,420.83,TL,ARMSAN FİYAT LİSTESİ 01.02.2026.pdf (PDF)
SÜRGÜ KOLU---A612 & A616 & A620 & Cre8 & A636 & MMXVI & PHENOMA & PARAGON & PARAGON GRANDE,1595.83,TL,ARMSAN FİYAT LİSTESİ 01.02.2026.pdf (PDF)
ŞARJÖR ALT TAPA,212.5,TL,ARMSAN FİYAT LİSTESİ 01.02.2026.pdf (PDF)
ŞARJÖR SOMUNU (tüm modeller) - KAMO,475.0,TL,ARMSAN FİYAT LİSTESİ 01.02.2026.pdf (PDF)
ŞARJÖR SOMUNU (tüm modeller) - SİYAH,325.0,TL,ARMSAN FİYAT LİSTESİ 01.02.2026.pdf (PDF)
ŞARJÖR TAKOZU,116.67,TL,ARMSAN FİYAT LİSTESİ 01.02.2026.pdf (PDF)
ŞARJÖR ÜST TAPA,212.5,TL,ARMSAN FİYAT LİSTESİ 01.02.2026.pdf (PDF)
ŞARJÖR YAYI (TÜM MODELLER),116.67,TL,ARMSAN FİYAT LİSTESİ 01.02.2026.pdf (PDF)
ŞOK ANAHTARI,212.5,TL,ARMSAN FİYAT LİSTESİ 01.02.2026.pdf (PDF)
ŞOK KUTUSU,154.17,TL,ARMSAN FİYAT LİSTESİ 01.02.2026.pdf (PDF)
TEKLİ ARMSAN KARTON KUTU,266.67,TL,ARMSAN FİYAT LİSTESİ 01.02.2026.pdf (PDF)
Y.A.F. Trap-Skeet,19.13,TL,YAF FİYAT LİSTESİ 16.01.2026.pdf (PDF)
Y.A.F. F 1 TRAP,21.38,TL,YAF FİYAT LİSTESİ 16.01.2026.pdf (PDF)
Y.A.F. 28 Gr. BİOR-POWER,20.98,TL,YAF FİYAT LİSTESİ 16.01.2026.pdf (PDF)
Y.A.F. 30 Gr. BİOR-POWER,21.21,TL,YAF FİYAT LİSTESİ 16.01.2026.pdf (PDF)
Y.A.F. 30 Gr. Felt ( Keçe Tapa ),22.89,TL,YAF FİYAT LİSTESİ 16.01.2026.pdf (PDF)
Y.A.F. 31 Gr.,21.66,TL,YAF FİYAT LİSTESİ 16.01.2026.pdf (PDF)
Y.A.F. 31 Gr. Felt ( Keçe Tapa ),22.89,TL,YAF FİYAT LİSTESİ 16.01.2026.pdf (PDF)
Y.A.F. 32 Gr.,21.49,TL,YAF FİYAT LİSTESİ 16.01.2026.pdf (PDF)
Y.A.F. 32 Gr. Felt ( Keçe Tapa ),24.08,TL,YAF FİYAT LİSTESİ 16.01.2026.pdf (PDF)
Y.A.F. 33 Gr.,22.89,TL,YAF FİYAT LİSTESİ 16.01.2026.pdf (PDF)
Y.A.F. 33 Gr. Felt ( Keçe Tapa ),24.36,TL,YAF FİYAT LİSTESİ 16.01.2026.pdf (PDF)
Y.A.F. 34 Gr.,21.94,TL,YAF FİYAT LİSTESİ 16.01.2026.pdf (PDF)
Y.A.F. 34 Gr.(0 LI GRUP),22.78,TL,YAF FİYAT LİSTESİ 16.01.2026.pdf (PDF)
Y.A.F. 34 Gr. Felt ( Keçe Tapa ),24.92,TL,YAF FİYAT LİSTESİ 16.01.2026.pdf (PDF)
Y.A.F. 34 Gr Dispersanti,25.31,TL,YAF FİYAT LİSTESİ 16.01.2026.pdf (PDF)
Y.A.F. 36 Gr.,23.29,TL,YAF FİYAT LİSTESİ 16.01.2026.pdf (PDF)
Y.A.F. 36 Gr.(0 LI GRUP),24.19,TL,YAF FİYAT LİSTESİ 16.01.2026.pdf (PDF)
Y.A.F. 40 Gr.,26.78,TL,YAF FİYAT LİSTESİ 16.01.2026.pdf (PDF)
Y.A.F. 50 Gr. Magnum,33.19,TL,YAF FİYAT LİSTESİ 16.01.2026.pdf (PDF)
Y.A.F. 16 Cal.,21.94,TL,YAF FİYAT LİSTESİ 16.01.2026.pdf (PDF)
Y.A.F. 20 Cal. 25 Gr.,22.5,TL,YAF FİYAT LİSTESİ 16.01.2026.pdf (PDF)
Y.A.F. 20 Cal. 28 Gr.,22.89,TL,YAF FİYAT LİSTESİ 16.01.2026.pdf (PDF)
Y.A.F. 28 Cal. 22 Gr. Bior,21.38,TL,YAF FİYAT LİSTESİ 16.01.2026.pdf (PDF)
Y.A.F. 36 Cal. 8 Gr. Bior,23.29,TL,YAF FİYAT LİSTESİ 16.01.2026.pdf (PDF)
Y.A.F. 12 Cal. Kurşun,29.03,TL,YAF FİYAT LİSTESİ 16.01.2026.pdf (PDF)
Y.A.F. 12 Cal. Kurşun Gold,33.02,TL,YAF FİYAT LİSTESİ 16.01.2026.pdf (PDF)
Y.A.F. 12 Cal. Shock Star,32.06,TL,YAF FİYAT LİSTESİ 16.01.2026.pdf (PDF)
Y.A.F. 12 Cal. Kurşun Speedy,34.2,TL,YAF FİYAT LİSTESİ 16.01.2026.pdf (PDF)
Y.A.F. 12 Cal. Kurşun TURBO,34.43,TL,YAF FİYAT LİSTESİ 16.01.2026.pdf (PDF)
Y.A.F. 12 Cal. Şavrotin,26.78,TL,YAF FİYAT LİSTESİ 16.01.2026.pdf (PDF)
Y.A.F. 12 Cal. Şavrotin 12 Pellet,28.57,TL,YAF FİYAT LİSTESİ 16.01.2026.pdf (PDF)
Y.A.F. 12 Cal. Şavrotin 12 Pellet GOLD,30.15,TL,YAF FİYAT LİSTESİ 16.01.2026.pdf (PDF)
Y.A.F. 12 Cal. Şavrotin 27 Pellet,29.14,TL,YAF FİYAT LİSTESİ 16.01.2026.pdf (PDF)
Y.A.F. 12 Cal. Şavrotin 27 Pellet GOLD,31.89,TL,YAF FİYAT LİSTESİ 16.01.2026.pdf (PDF)
Y.A.F. 12 Cal. Şavrotin Gold,30.38,TL,YAF FİYAT LİSTESİ 16.01.2026.pdf (PDF)
Y.A.F. 16 Cal. Kurşun,28.46,TL,YAF FİYAT LİSTESİ 16.01.2026.pdf (PDF)
Y.A.F. 16 Cal. Kurşun Gold,33.19,TL,YAF FİYAT LİSTESİ 16.01.2026.pdf (PDF)
Y.A.F. 16 Cal. Şavrotin,24.58,TL,YAF FİYAT LİSTESİ 16.01.2026.pdf (PDF)
Y.A.F. 20 Cal. Kurşun,29.25,TL,YAF FİYAT LİSTESİ 16.01.2026.pdf (PDF)
Y.A.F. 20 Cal. Şavrotin,27.0,TL,YAF FİYAT LİSTESİ 16.01.2026.pdf (PDF)
Y.A.F. 28 Cal. Kurşun,30.94,TL,YAF FİYAT LİSTESİ 16.01.2026.pdf (PDF)
Y.A.F. 36 Cal. Kurşun New Design,26.44,TL,YAF FİYAT LİSTESİ 16.01.2026.pdf (PDF)
Y.A.F. Ses Fişeği,18.96,TL,YAF FİYAT LİSTESİ 16.01.2026.pdf (PDF)
Y.A.F. Sürsajlı Av fişeği 1200 bar,26.78,TL,YAF FİYAT LİSTESİ 16.01.2026.pdf (PDF)
Y.A.F. Sürsajlı Av fişeği 1400 bar,27.56,TL,YAF FİYAT LİSTESİ 16.01.2026.pdf (PDF)
YAF BILDIRCIN ÖZEL,19.41,TL,YAF FİYAT LİSTESİ 16.01.2026.pdf (PDF)
HUNTHINK CAKI CL0605,523.12,TL,HUNTHINK ÇAKI 2026 FİYAT LİSTESİ.pdf (PDF)
HUNTHINK CAKI CL0602,551.25,TL,HUNTHINK ÇAKI 2026 FİYAT LİSTESİ.pdf (PDF)
HUNTHINK CAKI CL04004A,320.62,TL,HUNTHINK ÇAKI 2026 FİYAT LİSTESİ.pdf (PDF)
HUNTHINK CAKI CL04004B,286.88,TL,HUNTHINK ÇAKI 2026 FİYAT LİSTESİ.pdf (PDF)
HUNTHINK CAKI CL05032A,472.5,TL,HUNTHINK ÇAKI 2026 FİYAT LİSTESİ.pdf (PDF)
HUNTHINK CAKI CL05032B,472.5,TL,HUNTHINK ÇAKI 2026 FİYAT LİSTESİ.pdf (PDF)
HUNTHINK CAKI CL05032C,472.5,TL,HUNTHINK ÇAKI 2026 FİYAT LİSTESİ.pdf (PDF)
HUNTHINK CAKI CL05033,495.0,TL,HUNTHINK ÇAKI 2026 FİYAT LİSTESİ.pdf (PDF)
HUNTHINK CAKI CL05035,472.5,TL,HUNTHINK ÇAKI 2026 FİYAT LİSTESİ.pdf (PDF)
HUNTHINK CAKI CL05036,472.5,TL,HUNTHINK ÇAKI 2026 FİYAT LİSTESİ.pdf (PDF)
HUNTHINK CAKI CL05017,472.5,TL,HUNTHINK ÇAKI 2026 FİYAT LİSTESİ.pdf (PDF)
HUNTHINK CAKI CL05019,472.5,TL,HUNTHINK ÇAKI 2026 FİYAT LİSTESİ.pdf (PDF)
HUNTHINK CAKI CL05021A,472.5,TL,HUNTHINK ÇAKI 2026 FİYAT LİSTESİ.pdf (PDF)
HUNTHINK CAKI CL05024,511.88,TL,HUNTHINK ÇAKI 2026 FİYAT LİSTESİ.pdf (PDF)
HUNTHINK CAKI CL05027A,472.5,TL,HUNTHINK ÇAKI 2026 FİYAT LİSTESİ.pdf (PDF)
HUNTHINK CAKI CL05027C,472.5,TL,HUNTHINK ÇAKI 2026 FİYAT LİSTESİ.pdf (PDF)
HUNTHINK CAKI CL05034,511.88,TL,HUNTHINK ÇAKI 2026 FİYAT LİSTESİ.pdf (PDF)
HUNTHINK CAKI CL05003B,511.88,TL,HUNTHINK ÇAKI 2026 FİYAT LİSTESİ.pdf (PDF)
HUNTHINK CAKI CL05003C,511.88,TL,HUNTHINK ÇAKI 2026 FİYAT LİSTESİ.pdf (PDF)
HUNTHINK CAKI CL05004,489.38,TL,HUNTHINK ÇAKI 2026 FİYAT LİSTESİ.pdf (PDF)
HUNTHINK CAKI CL05006A,489.38,TL,HUNTHINK ÇAKI 2026 FİYAT LİSTESİ.pdf (PDF)
HUNTHINK CAKI CL05010,511.88,TL,HUNTHINK ÇAKI 2026 FİYAT LİSTESİ.pdf (PDF)
HUNTHINK CAKI CL0625,534.38,TL,HUNTHINK ÇAKI 2026 FİYAT LİSTESİ.pdf (PDF)
HUNTHINK CAKI CL0654,675.0,TL,HUNTHINK ÇAKI 2026 FİYAT LİSTESİ.pdf (PDF)
HUNTHINK CAKI CL0655,675.0,TL,HUNTHINK ÇAKI 2026 FİYAT LİSTESİ.pdf (PDF)
HUNTHINK CAKI CL1020,416.25,TL,HUNTHINK ÇAKI 2026 FİYAT LİSTESİ.pdf (PDF)
HUNTHINK CAKI CL1025,416.25,TL,HUNTHINK ÇAKI 2026 FİYAT LİSTESİ.pdf (PDF)
HUNTHINK CAKI CL1021,461.25,TL,HUNTHINK ÇAKI 2026 FİYAT LİSTESİ.pdf (PDF)
HUNTHINK CAKI CL1032,461.25,TL,HUNTHINK ÇAKI 2026 FİYAT LİSTESİ.pdf (PDF)
HUNTHINK CAKI SITANDI,562.5,TL,HUNTHINK ÇAKI 2026 FİYAT LİSTESİ.pdf (PDF)
XPS AĞAÇ ŞARJÖRLÜ YARI OTO. AV TÜFEĞİ YENİ MODEL,23333.33,TL,KRAL ARMS 2026 ŞARJÖRLÜ  FİYAT LİSTESİ.pdf (PDF)
XPS TAKTİKAL ŞARJÖRLÜ YARI OTO.AV TÜFEĞİ SİYAH,24500.0,TL,KRAL ARMS 2026 ŞARJÖRLÜ  FİYAT LİSTESİ.pdf (PDF)
XPS TAKTİKAL ŞARJÖRLÜ YARI OTO. AV TÜFEĞİ HAKİ / BRONZ,24500.0,TL,KRAL ARMS 2026 ŞARJÖRLÜ  FİYAT LİSTESİ.pdf (PDF)
XPS AĞAÇ ŞARJÖRLÜ YARI OTO. AV TÜFEĞİ SEDEF,24500.0,TL,KRAL ARMS 2026 ŞARJÖRLÜ  FİYAT LİSTESİ.pdf (PDF)
XPS STANDART PLASTİK ŞARJÖRLÜ YARI OTO. AV TÜFEĞİ,22166.67,TL,KRAL ARMS 2026 ŞARJÖRLÜ  FİYAT LİSTESİ.pdf (PDF)
K12 ŞARJÖRLÜ YARI OTOMATİK AV TÜFEĞİ PLASTİK GÖVDE -/- ALÜMİNYUM EL KUNDAK,19833.33,TL,KRAL ARMS 2026 ŞARJÖRLÜ  FİYAT LİSTESİ.pdf (PDF)
K12 ŞARJÖRLÜ YARI OTOMATİK AV TÜFEĞİ ALÜMİNYUM GÖVDE -/- ALÜMİNYUM EL KUNDAK,23333.33,TL,KRAL ARMS 2026 ŞARJÖRLÜ  FİYAT LİSTESİ.pdf (PDF)
KRAL ARMS MARİN AĞAÇ POMPALI AV TÜFEĞİ,14000.0,TL,KRAL ARMS 2026 ŞARJÖRLÜ  FİYAT LİSTESİ.pdf (PDF)
TYPHOON 12 CAL T2 TAKTİKAL SPEEDY AHŞAP,22291.67,TL,TYPHOON 2026 FİYAT LİSTESİ.pdf (PDF)
TYPHOON 12 CAL T2 OTOMATİK PLASTİK 71 CM-66 CM,17708.33,TL,TYPHOON 2026 FİYAT LİSTESİ.pdf (PDF)
TYPHOON 12 CAL T2 OTOMATİK AHŞAP 71 CM-66 CM,18958.33,TL,TYPHOON 2026 FİYAT LİSTESİ.pdf (PDF)
TYPHOON 12 CAL ARMA 71 CM-66 CM OTOMATİK,17708.33,TL,TYPHOON 2026 FİYAT LİSTESİ.pdf (PDF)
TYPHOON 12 CAL ARMA TAKTİKAL 50 CM OTOMATİK,17708.33,TL,TYPHOON 2026 FİYAT LİSTESİ.pdf (PDF)
TYPHOON 2-5-10'LU ŞARJÖR (ADET),1041.67,TL,TYPHOON 2026 FİYAT LİSTESİ.pdf (PDF)
CERAKOTE KAPLAMA TEK RENK (GRİ-BRONZ-YEŞİL-TOPRAK),2500.0,TL,TYPHOON 2026 FİYAT LİSTESİ.pdf (PDF)
CERAKOTE KAPLAMA ÇİFT RENK (GÖLGE-KAMUFLAJ-ESKİTME),3750.0,TL,TYPHOON 2026 FİYAT LİSTESİ.pdf (PDF)
Upland Crew 2 Çadır - 2 Kişilik,875.0,TL,Upland Kampçılık 2026 Toptan Fiyat Listesi.pdf (PDF)
Upland Crew 3XL Çadır - 4 Kişilik,1200.0,TL,Upland Kampçılık 2026 Toptan Fiyat Listesi.pdf (PDF)
Upland Aldıs konfor çadır,4458.33,TL,Upland Kampçılık 2026 Toptan Fiyat Listesi.pdf (PDF)
Upland Canton Deluxe Çadır - 2 kişilik,8166.67,TL,Upland Kampçılık 2026 Toptan Fiyat Listesi.pdf (PDF)
Upland Artika Çadır - 2 Kişilik,6212.5,TL,Upland Kampçılık 2026 Toptan Fiyat Listesi.pdf (PDF)
Upland Brabus Fiberglass Çadır Çubu,466.67,TL,Upland Kampçılık 2026 Toptan Fiyat Listesi.pdf (PDF)
Festivalkits Blackout Pop Up 2 Kişilik Çadır,3250.0,TL,Upland Kampçılık 2026 Toptan Fiyat Listesi.pdf (PDF)
Bestway Adventure Chasers Unicorn Çoçuk Oyun Çadırı,808.33,TL,Upland Kampçılık 2026 Toptan Fiyat Listesi.pdf (PDF)
"Upland Altera Fiberglass Çadır Çubuğu 7,98m 9mm(7li)",583.33,TL,Upland Kampçılık 2026 Toptan Fiyat Listesi.pdf (PDF)
"Upland Crew 3XL Fiberglass Çadır Çubuğu 4,08m 7,9mm(7li)",408.33,TL,Upland Kampçılık 2026 Toptan Fiyat Listesi.pdf (PDF)
Upland Airmat Yeşil (Şişme Mat),1725.0,TL,Upland Kampçılık 2026 Toptan Fiyat Listesi.pdf (PDF)
Upland Airmat Mavi (Şişme Mat),1725.0,TL,Upland Kampçılık 2026 Toptan Fiyat Listesi.pdf (PDF)
Upland Uyku Tulum ÇANTASI,237.5,TL,Upland Kampçılık 2026 Toptan Fiyat Listesi.pdf (PDF)
POLİMER KUNDAKLI,23.63,TL,AKSA FİYAT LİSTESİ 01.03.2025.pdf (PDF)
METAL KUNDAKLI,40.5,TL,AKSA FİYAT LİSTESİ 01.03.2025.pdf (PDF)
AĞAÇ KUNDAKLI,15.75,TL,AKSA FİYAT LİSTESİ 01.03.2025.pdf (PDF)
METAL GÖVDE+KUNDAK,33.75,TL,AKSA FİYAT LİSTESİ 01.03.2025.pdf (PDF)
KISA KUNDAK + NAMLU KORUMA,30.38,TL,AKSA FİYAT LİSTESİ 01.03.2025.pdf (PDF)
TÜKENDİTOPOINT-TF8000 BALIKÇI OK-MAKARA TAKIMI,4050.0,TL,TOPOINT FİYAT LİSTESİ 2026.pdf (PDF)
TOPOINT-TF801 BALIKÇI OK UCU,112.5,TL,TOPOINT FİYAT LİSTESİ 2026.pdf (PDF)
TOPOINT-TF802 BALIKÇI OKU,244.13,TL,TOPOINT FİYAT LİSTESİ 2026.pdf (PDF)
TOPOINT-TP211 GENİŞ BAŞLI 100 gr OK UCU,67.5,TL,TOPOINT FİYAT LİSTESİ 2026.pdf (PDF)
TOPOINT-TP211-125 GENİŞ BAŞLI 125 gr OK UCU,67.5,TL,TOPOINT FİYAT LİSTESİ 2026.pdf (PDF)
TOPOINT-TP212 GENİŞ BAŞLI 3.BIÇAKLI OK UCU,196.88,TL,TOPOINT FİYAT LİSTESİ 2026.pdf (PDF)
TOPOINT-TP213 GENİŞ BAŞLI 2.BIÇAKLI OK UCU,365.63,TL,TOPOINT FİYAT LİSTESİ 2026.pdf (PDF)
TOPOINT-TP216 GENİŞ BAŞLI 3.BIÇAKLI OK UCU,87.75,TL,TOPOINT FİYAT LİSTESİ 2026.pdf (PDF)
TOPOINT-TP221 GENİŞ BAŞLI 125 gr OK UCU,135.0,TL,TOPOINT FİYAT LİSTESİ 2026.pdf (PDF)
TOPOINT-TP225-100 GENİŞ BAŞLI 100gr OK UCU,135.0,TL,TOPOINT FİYAT LİSTESİ 2026.pdf (PDF)
TOPOINT-TP226 2 BIÇAKLI LAZER UÇLU OK UCU,189.0,TL,TOPOINT FİYAT LİSTESİ 2026.pdf (PDF)
TOPOINT-TP228 2 BIÇAKLI LAZER UÇLU OK UCU,135.0,TL,TOPOINT FİYAT LİSTESİ 2026.pdf (PDF)
TOPOINT-TP230 2 BIÇAKLI GENİŞBAŞLI OK UCU,175.5,TL,TOPOINT FİYAT LİSTESİ 2026.pdf (PDF)
TOPOINT-TP232 LAZER BAŞLI GENİŞBAŞLI OK UCU,135.0,TL,TOPOINT FİYAT LİSTESİ 2026.pdf (PDF)
TOPOINT-TP233 GENİŞ BAŞLI (ORMANLIK ALAN İÇİN) OK UCU,54.0,TL,TOPOINT FİYAT LİSTESİ 2026.pdf (PDF)
TOPOINT-TP235 SPECIAL LAZER UÇLU OK UCU,196.88,TL,TOPOINT FİYAT LİSTESİ 2026.pdf (PDF)
TOPOINT-TP215 GENİŞ BAŞLI 3.BIÇAKLI OK UCU,365.63,TL,TOPOINT FİYAT LİSTESİ 2026.pdf (PDF)
TOPOINT-TP224 GENİŞ BAŞLI 2.BIÇAKLI OK UCU,148.5,TL,TOPOINT FİYAT LİSTESİ 2026.pdf (PDF)
TOPOINT-TP246 KAUCUK OK UCU,135.0,TL,TOPOINT FİYAT LİSTESİ 2026.pdf (PDF)
TOPOINT 30'' TP030 KARBON DEGİŞEBİLEN UÇLU OK,129.38,TL,TOPOINT FİYAT LİSTESİ 2026.pdf (PDF)
TOPOINT 30'' TP030 CAMO DEGİŞEBİLEN UÇLU OK,270.0,TL,TOPOINT FİYAT LİSTESİ 2026.pdf (PDF)
TOPOINT 30'' TP030 FIBERGLASS DEGİŞEBİLEN UÇLU OK,74.25,TL,TOPOINT FİYAT LİSTESİ 2026.pdf (PDF)
TOPOINT 30'' TP030 FIBERGLASS SABİT UÇLU OK,67.5,TL,TOPOINT FİYAT LİSTESİ 2026.pdf (PDF)
TOPOINT 30'' TP030 AHŞAP SABİT UÇLU OK,176.63,TL,TOPOINT FİYAT LİSTESİ 2026.pdf (PDF)
TOPOINT 30'' TP030 ALUMINYUM DEGİŞEBİLEN UÇLU OK,163.12,TL,TOPOINT FİYAT LİSTESİ 2026.pdf (PDF)
REXIMEX THRONE GEN 2 PCP HAVALI TÜFEK 4.5/14 5.5/1 6.35/1,32916.67,TL,REXIMEX  PCP  FİYAT LİSTESİ 19.02.2026.pdf (PDF)
REXIMEX THRONE GEN 2 FDE ( SARI ÇÖL ) PCP HAVALI TÜFEK 5.5/2 4.5/2,34250.0,TL,REXIMEX  PCP  FİYAT LİSTESİ 19.02.2026.pdf (PDF)
REXIMEX THRONE GEN 2 KARBON TÜPLÜ PCP HAVALI TÜFEK ( 0.48L ) 4.5/5 5.5/2 6.35/3,43416.67,TL,REXIMEX  PCP  FİYAT LİSTESİ 19.02.2026.pdf (PDF)
REXIMEX THRONE GEN 2 COMPACT FDE KARBON TÜP ( 0.30L ) 5.5/3 6.35/3,41666.67,TL,REXIMEX  PCP  FİYAT LİSTESİ 19.02.2026.pdf (PDF)
REXIMEX RP SAFARİ / DESERT PCP HAVALI TABANCA 5.5/3,16500.0,TL,REXIMEX  PCP  FİYAT LİSTESİ 19.02.2026.pdf (PDF)
REXIMEX RPA LAMİNE PCP HAVALI TABANCA 5.5/3,19666.67,TL,REXIMEX  PCP  FİYAT LİSTESİ 19.02.2026.pdf (PDF)
REXIMEX TORMENTA PCP HAVALI TÜFEK 4.5/5 5.5/3 6.35/3,17666.67,TL,REXIMEX  PCP  FİYAT LİSTESİ 19.02.2026.pdf (PDF)
REXIMEX DAYSTAR PCP HAVALI TÜFEK 4.5/4 5.5/1,16416.67,TL,REXIMEX  PCP  FİYAT LİSTESİ 19.02.2026.pdf (PDF)
REXIMEX DAYSTAR AHŞAP PCP HAVALI TÜFEK 4.5/4 5.5/3 6.35/3,18750.0,TL,REXIMEX  PCP  FİYAT LİSTESİ 19.02.2026.pdf (PDF)
REXIMEX DAYSTAR AHŞAP REGÜLATÖRLÜ PCP HAVALI TÜFEK 5.5/3,23750.0,TL,REXIMEX  PCP  FİYAT LİSTESİ 19.02.2026.pdf (PDF)
REXIMEX DAYSTAR LAMİNE REGÜLATÖRLÜ PCP HAVALI TÜFEK 5.5/4,28750.0,TL,REXIMEX  PCP  FİYAT LİSTESİ 19.02.2026.pdf (PDF)
REXIMEX APEX PCP HAVALI TÜFEK 5.5/4 6.35/1,17666.67,TL,REXIMEX  PCP  FİYAT LİSTESİ 19.02.2026.pdf (PDF)
REXIMEX ACCURA PCP HAVALI TÜFEK 4.5/2 5.5/1 6.35/1,17666.67,TL,REXIMEX  PCP  FİYAT LİSTESİ 19.02.2026.pdf (PDF)
REXIMEX ZONE PCP HAVALI TÜFEK 4.5/3 6.35/2,20333.33,TL,REXIMEX  PCP  FİYAT LİSTESİ 19.02.2026.pdf (PDF)
REXIMEX ZONE AHŞAP PCP HAVALI TÜFEK 6.35/1,22750.0,TL,REXIMEX  PCP  FİYAT LİSTESİ 19.02.2026.pdf (PDF)
REXIMEX META BLACK PCP HAVALI TÜFEK 5.5/3,31916.67,TL,REXIMEX  PCP  FİYAT LİSTESİ 19.02.2026.pdf (PDF)
REXIMEX META BRONZE / FDE / YEŞİL PCP HAVALI TÜFEK 5.5/3 5.5/3 YEŞİL,32916.67,TL,REXIMEX  PCP  FİYAT LİSTESİ 19.02.2026.pdf (PDF)
REXIMEX META PREMİUM PCP HAVALI TÜFEK 4.5/3 6.35/1,42083.33,TL,REXIMEX  PCP  FİYAT LİSTESİ 19.02.2026.pdf (PDF)
REXIMEX META PREMİUM FDE / DESERT SAND PCP HAVALI TÜFEK 5.5/6,43000.0,TL,REXIMEX  PCP  FİYAT LİSTESİ 19.02.2026.pdf (PDF)
REXIMEX LYRA PCP W HAVALI TÜFEK 4.5/3 5.5/2 6.35/2,15166.67,TL,REXIMEX  PCP  FİYAT LİSTESİ 19.02.2026.pdf (PDF)
HUNTHİNK TAKTİKAL KATLANIR GEZ TAKIMI,135.0,TL,TAKTIKAL  ÜRÜNLER  2026 fiyat listesi.pdf (PDF)
HUNTHİNK TAKTİKAL KOLAY SOKULUP TAKILAN KATLANIR GEZ TAKIMI,196.88,TL,TAKTIKAL  ÜRÜNLER  2026 fiyat listesi.pdf (PDF)
TAKTİKAL SARJORLU VE AIRSOFT TÜFEKLERE UYUMLU,163.12,TL,TAKTIKAL  ÜRÜNLER  2026 fiyat listesi.pdf (PDF)
HUNTHİNK TAKTİKAL KATLANIR EL TUTAMAGI,101.25,TL,TAKTIKAL  ÜRÜNLER  2026 fiyat listesi.pdf (PDF)
HUNTHİNK TAKTİKAL ÇATAL AYAK,219.38,TL,TAKTIKAL  ÜRÜNLER  2026 fiyat listesi.pdf (PDF)
HUNTHİNK TAKTİKAL KATLANIR GEZ TAKIMI (MK35),202.5,TL,TAKTIKAL  ÜRÜNLER  2026 fiyat listesi.pdf (PDF)
HUNTHİNK TAKTİKAL L TELESKOPİK DİPÇİK,360.0,TL,TAKTIKAL  ÜRÜNLER  2026 fiyat listesi.pdf (PDF)
HUNTHİNK TAKTİKAL AÇILI EL TUTAMAĞI,140.62,TL,TAKTIKAL  ÜRÜNLER  2026 fiyat listesi.pdf (PDF)
HUNTHİNK TAKTİKAL PİATİNİLİ FİŞEKLİK,123.75,TL,TAKTIKAL  ÜRÜNLER  2026 fiyat listesi.pdf (PDF)
HUNTHİNK TAKTİKAL RAY PEDİ AÇIK,33.75,TL,TAKTIKAL  ÜRÜNLER  2026 fiyat listesi.pdf (PDF)
HUNTHİNK TAKTİKAL RAY PEDİ KAPALI,33.75,TL,TAKTIKAL  ÜRÜNLER  2026 fiyat listesi.pdf (PDF)
KRAL ARMS N-01 PLASTİK HAVALI HEDEF TÜFEĞİ,4666.67,TL,KRAL ARMS 2026 YAYLI  FİYAT LİSTESİ.pdf (PDF)
LKRAL ARMS N-01 ARBOREAL HAVALI HEDEF TÜFEĞİ,5250.0,TL,KRAL ARMS 2026 YAYLI  FİYAT LİSTESİ.pdf (PDF)
KRAL ARMS N-01 AĞAÇ HAVALI HEDEF TÜFEĞİ,7000.0,TL,KRAL ARMS 2026 YAYLI  FİYAT LİSTESİ.pdf (PDF)
KRAL ARMS N-03 PLASTİK HAVALI HEDEF TÜFEĞİ,4958.33,TL,KRAL ARMS 2026 YAYLI  FİYAT LİSTESİ.pdf (PDF)
KRAL ARMS N-05 PLASTİK HAVALI HEDEF TÜFEĞİ,5250.0,TL,KRAL ARMS 2026 YAYLI  FİYAT LİSTESİ.pdf (PDF)
KRAL ARMS N-07 PLASTİK HAVALI HEDEF TÜFEĞİ,5833.33,TL,KRAL ARMS 2026 YAYLI  FİYAT LİSTESİ.pdf (PDF)
KRAL ARMS N-07 AĞAÇ HAVALI HEDEF TÜFEĞİ,8166.67,TL,KRAL ARMS 2026 YAYLI  FİYAT LİSTESİ.pdf (PDF)
KRAL ARMS N-11 PLASTİK HAVALI HEDEF TÜFEĞİ,6766.67,TL,KRAL ARMS 2026 YAYLI  FİYAT LİSTESİ.pdf (PDF)
KRAL ARMS N-11 AĞAÇ HAVALI HEDEF TÜFEĞİ,9333.33,TL,KRAL ARMS 2026 YAYLI  FİYAT LİSTESİ.pdf (PDF)
KRAL ARMS N-11 LÜKS HAVALI HEDEF TÜFEĞİ (PLS.),7350.0,TL,KRAL ARMS 2026 YAYLI  FİYAT LİSTESİ.pdf (PDF)
HATSAN FACTÖR SNIPER S,43333.33,TL,15.02.2025 fiyat listesi.pdf (PDF)
HATSAN FACTÖR SNIPER LONG,47083.33,TL,15.02.2025 fiyat listesi.pdf (PDF)
HATSAN FACTÖR SNIPER LONG FDE,50625.0,TL,15.02.2025 fiyat listesi.pdf (PDF)
HATSAN BULLPUP GLADIUS,18750.0,TL,15.02.2025 fiyat listesi.pdf (PDF)
HATSAN NOVA TACTICAL,13333.33,TL,15.02.2025 fiyat listesi.pdf (PDF)
HATSAN NOVA STAR PLS [SET KAMPANYALI],16666.67,TL,15.02.2025 fiyat listesi.pdf (PDF)
HATSAN FACROR BP,33333.33,TL,15.02.2025 fiyat listesi.pdf (PDF)
HATSAN FACROR BP FDE,36000.0,TL,15.02.2025 fiyat listesi.pdf (PDF)
HATSAN FLASH 101 SET [KAMPANYALI],15000.0,TL,15.02.2025 fiyat listesi.pdf (PDF)
HATSAN FLASH 401 SET [KAMPANYALI],16250.0,TL,15.02.2025 fiyat listesi.pdf (PDF)
HATSAN GALATIAN-V (Ağaç),17916.67,TL,15.02.2025 fiyat listesi.pdf (PDF)
HATSAN BT65-RB,13333.33,TL,15.02.2025 fiyat listesi.pdf (PDF)
HATSAN AT44-TH,11666.67,TL,15.02.2025 fiyat listesi.pdf (PDF)
HATSAN AT44-W-X-LONG,14166.67,TL,15.02.2025 fiyat listesi.pdf (PDF)
HATSAN AT-P2 TACT. TABANCA,7916.67,TL,15.02.2025 fiyat listesi.pdf (PDF)
VELOXS TABANCA SİYAH,15833.33,TL,15.02.2025 fiyat listesi.pdf (PDF)
VELOXS TABANCA RENKLERİ,16250.0,TL,15.02.2025 fiyat listesi.pdf (PDF)
DOLUM APATI 250 BAR /300 BAR,1583.33,TL,15.02.2025 fiyat listesi.pdf (PDF)
Hatsan Mod 25 Super Charger,3125.0,TL,15.02.2025 fiyat listesi.pdf (PDF)
Hatsan Mod 25 Super Charger QE,3583.33,TL,15.02.2025 fiyat listesi.pdf (PDF)
Hatsan Mod 25 Super Tact,3583.33,TL,15.02.2025 fiyat listesi.pdf (PDF)
Hatsan Mod 25 Super Tact QE,3916.67,TL,15.02.2025 fiyat listesi.pdf (PDF)
Hatsan Mod 25 Super Tact VORTEX,3916.67,TL,15.02.2025 fiyat listesi.pdf (PDF)
Hatsan Mod 25 Super Tact VORTEX QE,4708.33,TL,15.02.2025 fiyat listesi.pdf (PDF)
Hatsan Mod 33 Havalı Tüfek,3166.67,TL,15.02.2025 fiyat listesi.pdf (PDF)
Hatsan Mod 55 Havalı Tüfek (ağaç),3166.67,TL,15.02.2025 fiyat listesi.pdf (PDF)
Hatsan Mod 65 havalı Tüfek (ağaç) wortex,5708.33,TL,15.02.2025 fiyat listesi.pdf (PDF)
Hatsan Mod 70 Havalı Tüfek,3541.67,TL,15.02.2025 fiyat listesi.pdf (PDF)
Hatsan Mod 80 Havalı Tüfek,3541.67,TL,15.02.2025 fiyat listesi.pdf (PDF)
Hatsan Mod 85 Havalı Tüfek,3708.33,TL,15.02.2025 fiyat listesi.pdf (PDF)
Hatsan Mod 85 SNIPER,5000.0,TL,15.02.2025 fiyat listesi.pdf (PDF)
Hatsan Mod 85 SNIPER VORTEX,5916.67,TL,15.02.2025 fiyat listesi.pdf (PDF)
Hatsan Mod 87 VORTEX QE Havalı Tüfek,5916.67,TL,15.02.2025 fiyat listesi.pdf (PDF)
Hatsan Mod 90 Havalı Tüfek,3541.67,TL,15.02.2025 fiyat listesi.pdf (PDF)
Hatsan Mod 95 Havalı Tüfek (ağaç),5000.0,TL,15.02.2025 fiyat listesi.pdf (PDF)
Hatsan Mod 99 Havalı Tüfek (ağaç),5500.0,TL,15.02.2025 fiyat listesi.pdf (PDF)
Hatsan Striker 1000S Havalı Tüfek,3541.67,TL,15.02.2025 fiyat listesi.pdf (PDF)
Hatsan Striker 1000S VORTEX,4500.0,TL,15.02.2025 fiyat listesi.pdf (PDF)
Hatsan Striker 1000X Havalı Tüfek (ağaç),4500.0,TL,15.02.2025 fiyat listesi.pdf (PDF)
Hatsan Striker 1000X VORTEX,5291.67,TL,15.02.2025 fiyat listesi.pdf (PDF)
Hatsan AirTACT Junior Havalı Tüfek,3000.0,TL,15.02.2025 fiyat listesi.pdf (PDF)
Hatsan Mod 125 Havalı Tüfek,5333.33,TL,15.02.2025 fiyat listesi.pdf (PDF)
hatsan mod 125 pro havalı tüfek[kampanyalı],10125.0,TL,15.02.2025 fiyat listesi.pdf (PDF)
Hatsan Mod 125 VORTEX,6250.0,TL,15.02.2025 fiyat listesi.pdf (PDF)
Hatsan Mod 125 SNIPER,6666.67,TL,15.02.2025 fiyat listesi.pdf (PDF)
Hatsan Mod 125 SNIPER VORTEX,7500.0,TL,15.02.2025 fiyat listesi.pdf (PDF)
hatsan mod 130 pls havalı tüfek,6250.0,TL,15.02.2025 fiyat listesi.pdf (PDF)
Hatsan Mod 135 Havalı Tüfek (ağaç),7500.0,TL,15.02.2025 fiyat listesi.pdf (PDF)
Hatsan Mod 135 SNIPER (plastik),7500.0,TL,15.02.2025 fiyat listesi.pdf (PDF)
Hatsan Mod 135 VORTEX QE (ağaç),9000.0,TL,15.02.2025 fiyat listesi.pdf (PDF)
Hatsan Mod 135 SNIPER VORTEX QE (plastik),9000.0,TL,15.02.2025 fiyat listesi.pdf (PDF)
Hatsan SpeedFire VORTEX 1250 lik Havalı Tüfek,10791.67,TL,15.02.2025 fiyat listesi.pdf (PDF)
Hatsan Proxima W Havalı Tüfek,10791.67,TL,15.02.2025 fiyat listesi.pdf (PDF)
Hatsan SpeedFire W VORTEX Havalı Tüfek,10083.33,TL,15.02.2025 fiyat listesi.pdf (PDF)
Hatsan Torpedo 100X Havalı Tüfek,8750.0,TL,15.02.2025 fiyat listesi.pdf (PDF)
Hatsan Torpedo 105X Havalı Tüfek,5500.0,TL,15.02.2025 fiyat listesi.pdf (PDF)
Hatsan Torpedo 150 Havalı Tüfek,6875.0,TL,15.02.2025 fiyat listesi.pdf (PDF)
Hatsan Torpedo 150 SNIPER,8291.67,TL,15.02.2025 fiyat listesi.pdf (PDF)
Hatsan Torpedo 150 SNIPER VORTEX,9000.0,TL,15.02.2025 fiyat listesi.pdf (PDF)
Hatsan Torpedo 155 Havalı Tüfek,8750.0,TL,15.02.2025 fiyat listesi.pdf (PDF)
Hatsan Dominator 200S Havalı Tüfek,7166.67,TL,15.02.2025 fiyat listesi.pdf (PDF)
Hatsan Dominator 200S Carbine Havalı Tüfek,7166.67,TL,15.02.2025 fiyat listesi.pdf (PDF)
Hatsan Dominator 200W Havalı Tüfek,8750.0,TL,15.02.2025 fiyat listesi.pdf (PDF)
Hatsan Dominator 200W Carbine Havalı Tüfek,8750.0,TL,15.02.2025 fiyat listesi.pdf (PDF)
Hatsan Dominator 200S VORTEX,8083.33,TL,15.02.2025 fiyat listesi.pdf (PDF)
Hatsan Dominator 200W VORTEX,9666.67,TL,15.02.2025 fiyat listesi.pdf (PDF)
ESCORT MAGNUM SUPREME,16458.33,TL,15.02.2025 fiyat listesi.pdf (PDF)
ESCORT MAGNUM SUPREME SLG,17166.67,TL,15.02.2025 fiyat listesi.pdf (PDF)
ESCORT MAGNUM SUPREME CANTİLİVERLİ,18000.0,TL,15.02.2025 fiyat listesi.pdf (PDF)
ESCORT MAGNUM SUPREMEMAX,20416.67,TL,15.02.2025 fiyat listesi.pdf (PDF)
ESCORT MAGNUM SUPREMEMAX SLG,20416.67,TL,15.02.2025 fiyat listesi.pdf (PDF)
ESCORT MAGNUM SUPREMEMAX CANTİLİVERLİ,20500.0,TL,15.02.2025 fiyat listesi.pdf (PDF)
ESCORT MAGNUM XTREME,14958.33,TL,15.02.2025 fiyat listesi.pdf (PDF)
ESCORT MAGNUM XTREME SLG,14958.33,TL,15.02.2025 fiyat listesi.pdf (PDF)
ESCORT MAGNUM XTREME CANTİLİVERLİ,15750.0,TL,15.02.2025 fiyat listesi.pdf (PDF)
ESCORT MAGNUM XTREME CAMO,16750.0,TL,15.02.2025 fiyat listesi.pdf (PDF)
ESCORT MAGNUM XTREMEMAX,17333.33,TL,15.02.2025 fiyat listesi.pdf (PDF)
ESCORT MAGNUM XTREMEMAX SLG,17333.33,TL,15.02.2025 fiyat listesi.pdf (PDF)
ESCORT MAGNUM XTREMEMAX CANTİLİVERLİ,18708.33,TL,15.02.2025 fiyat listesi.pdf (PDF)
ESCORT MAGNUM XTREMEMAX CAMO,19708.33,TL,15.02.2025 fiyat listesi.pdf (PDF)
HATSAN VISION SLG,18916.67,TL,15.02.2025 fiyat listesi.pdf (PDF)
ESCORT MAGNUM ŞARJÖRLÜ DF-12,20250.0,TL,15.02.2025 fiyat listesi.pdf (PDF)
ESCORT MAGNUM ŞARJÖRLÜ DF-12 CAMO,21958.33,TL,15.02.2025 fiyat listesi.pdf (PDF)
ESCORT MAGNUM ŞARJÖRLÜ VX-12,21375.0,TL,15.02.2025 fiyat listesi.pdf (PDF)
ESCORT MAGNUM ŞAJÖRLÜ SD-12,19708.33,TL,15.02.2025 fiyat listesi.pdf (PDF)
ESCORT MAGNUM ŞAJÖRLÜ SD-12 CAMO,20812.5,TL,15.02.2025 fiyat listesi.pdf (PDF)
ESCORT MAGNUM ŞAJÖRLÜ SDX-410,19708.33,TL,15.02.2025 fiyat listesi.pdf (PDF)
ESCORT MAGNUM ŞAJÖRLÜ SDX-410 CAMO,20812.5,TL,15.02.2025 fiyat listesi.pdf (PDF)
ESCORT MAGNUM ŞARJÖRLÜ BTS-12,19708.33,TL,15.02.2025 fiyat listesi.pdf (PDF)
ESCORT MAGNUM ŞARJÖRLÜ BTS410 36CAL.,19708.33,TL,15.02.2025 fiyat listesi.pdf (PDF)
ESCORT MAGNUM ŞARJÖRLÜ BTS410 CAMO 36CAL.,20812.5,TL,15.02.2025 fiyat listesi.pdf (PDF)
ESCORT MAGNUM BULTAK SA OTOMATİK,19708.33,TL,15.02.2025 fiyat listesi.pdf (PDF)
ESCORT MAGMUM BULTAK SA PX OTOMATİK,21250.0,TL,15.02.2025 fiyat listesi.pdf (PDF)
ESCORT MAGNUM BULTAK SA OTOMATİK CAMO,21250.0,TL,15.02.2025 fiyat listesi.pdf (PDF)
ESCORT MAGNUM BULTAK SA OTOMATİK PX CAMO,22075.0,TL,15.02.2025 fiyat listesi.pdf (PDF)
ESCORT MAGNUM BULTAC 4X [YENİ ÜRÜN],25000.0,TL,15.02.2025 fiyat listesi.pdf (PDF)
ESCORT MAGNUM MP-A 20 CAL.,15750.0,TL,15.02.2025 fiyat listesi.pdf (PDF)
ESCORT MAGNUM MP-A-MARINE,17291.67,TL,15.02.2025 fiyat listesi.pdf (PDF)
ESCORT MAGNUM MP-A-TS,15750.0,TL,15.02.2025 fiyat listesi.pdf (PDF)
ESCORT MAGNUM MP-A-MARINE-TS,17291.67,TL,15.02.2025 fiyat listesi.pdf (PDF)
ESCORT MAGNUM MP-A-CAMO,17291.67,TL,15.02.2025 fiyat listesi.pdf (PDF)
ESCORT MAGNUM POMPALI AIMGUARD,10241.67,TL,15.02.2025 fiyat listesi.pdf (PDF)
ESCORT MAGNUM POMPALI PS SLG,11075.0,TL,15.02.2025 fiyat listesi.pdf (PDF)
ESCORT MAGNUM POMPALI PS,11075.0,TL,15.02.2025 fiyat listesi.pdf (PDF)
ESCORT MAGNUM POMPALI PS-MARINE,12291.67,TL,15.02.2025 fiyat listesi.pdf (PDF)
ESCORT MAGNUM POMPALI WS-GUARD,11208.33,TL,15.02.2025 fiyat listesi.pdf (PDF)
ESCORT MAGNUM POMPALI WS SLG,12083.33,TL,15.02.2025 fiyat listesi.pdf (PDF)
ESCORT MAGNUM POMPALI WS,12208.33,TL,15.02.2025 fiyat listesi.pdf (PDF)
ESCORT MAGNUM POMPALI WS-MARINE,13333.33,TL,15.02.2025 fiyat listesi.pdf (PDF)
ESCORT MAGNUM POMPALI CAMO,12916.67,TL,15.02.2025 fiyat listesi.pdf (PDF)
ESCORT MAGNUM POMPALI -MPS,13162.5,TL,15.02.2025 fiyat listesi.pdf (PDF)
ESCORT MAGNUM POMPALI -MPS MARINE,14375.0,TL,15.02.2025 fiyat listesi.pdf (PDF)
ESCORT MAGNUM POMPALI -MPS TS,13333.33,TL,15.02.2025 fiyat listesi.pdf (PDF)
ESCORT MAGNUM POMPALI -MPS MARINE TS,14375.0,TL,15.02.2025 fiyat listesi.pdf (PDF)
ESCORT MAGNUM POMPALI -MPS CAMO,14583.33,TL,15.02.2025 fiyat listesi.pdf (PDF)
ESCORT MAGNUM POMPALI -MP,1458.33,TL,15.02.2025 fiyat listesi.pdf (PDF)
ESCORT MAGNUM POMPALI -MP MARINE,15750.0,TL,15.02.2025 fiyat listesi.pdf (PDF)
ESCORT MAGNUM POMPALI -MP TS,14583.33,TL,15.02.2025 fiyat listesi.pdf (PDF)
ESCORT MAGNUM POMPALI -MP MARINE TS,15750.0,TL,15.02.2025 fiyat listesi.pdf (PDF)
ESCORT MAGNUM POMPALI -MP CAMO,15750.0,TL,15.02.2025 fiyat listesi.pdf (PDF)
HATSAN BULTAC PLS. YENİ ÜRÜN,14958.33,TL,15.02.2025 fiyat listesi.pdf (PDF)
HATSAN BULTAC PX YENİ ÜRÜN,16541.67,TL,15.02.2025 fiyat listesi.pdf (PDF)
HATSAN BULTAK CAMO VE MARİN YENİ ÜRÜN,16541.67,TL,15.02.2025 fiyat listesi.pdf (PDF)
HATSAN BULTAC PX CAMO VE MARİN YENİ ÜRÜN,17333.33,TL,15.02.2025 fiyat listesi.pdf (PDF)
51 cm şoksuz namlu,3166.67,TL,15.02.2025 fiyat listesi.pdf (PDF)
55 cm gezli namlu,3958.33,TL,15.02.2025 fiyat listesi.pdf (PDF)
61 cm gezli namlu,3958.33,TL,15.02.2025 fiyat listesi.pdf (PDF)
66 / 71 / 76 şeritli şoklu namlu,4333.33,TL,15.02.2025 fiyat listesi.pdf (PDF)
61 cm SLG namlu,6291.67,TL,15.02.2025 fiyat listesi.pdf (PDF)
61 cm SLG cantileverli namlu,7083.33,TL,15.02.2025 fiyat listesi.pdf (PDF)
66 /71 cm şeritli namlu,5791.67,TL,15.02.2025 fiyat listesi.pdf (PDF)
76 cm şeritli namlu,7875.0,TL,15.02.2025 fiyat listesi.pdf (PDF)
66 / 71 cm şeritli namlu,7083.33,TL,15.02.2025 fiyat listesi.pdf (PDF)
STANDART OTOMATİK EL KUNDAĞI PLASTİK,875.0,TL,15.02.2025 fiyat listesi.pdf (PDF)
STANDART OTOMATİK BOY KUNDAĞI PLASTİK,1375.0,TL,15.02.2025 fiyat listesi.pdf (PDF)
STANDART OTOMATİK KUNDAK TAKIMI PLASTİK,2208.33,TL,15.02.2025 fiyat listesi.pdf (PDF)
STANDART OTOMATİK EL KUNDAĞI AĞAÇ,1208.33,TL,15.02.2025 fiyat listesi.pdf (PDF)
STANDART OTOMATİK BOY KUNDAĞI AĞAÇ,1583.33,TL,15.02.2025 fiyat listesi.pdf (PDF)
STANDART OTOMATİK KUNDAK TAKIMI AĞAÇ,2791.67,TL,15.02.2025 fiyat listesi.pdf (PDF)
SÜPREME EL KUNDAĞI AĞAÇ,1333.33,TL,15.02.2025 fiyat listesi.pdf (PDF)
SÜPREME BOY KUNDAĞI AĞAÇ,1891.67,TL,15.02.2025 fiyat listesi.pdf (PDF)
SÜPREME KUNDAK TAKIMI AĞAÇ,3229.17,TL,15.02.2025 fiyat listesi.pdf (PDF)
EXTREME EL KUNDAĞI PLASTİK,1125.0,TL,15.02.2025 fiyat listesi.pdf (PDF)
EXTREME BOY KUNDAĞI PLASTİK,1583.33,TL,15.02.2025 fiyat listesi.pdf (PDF)
EXTREME KUNTAK TAKIMI PLASTİK,2708.33,TL,15.02.2025 fiyat listesi.pdf (PDF)
SÜPREME MAX EL KUNDAĞI AĞAÇ,1583.33,TL,15.02.2025 fiyat listesi.pdf (PDF)
SÜPREME MAX BOY KUNDAĞI AĞAÇ,2708.33,TL,15.02.2025 fiyat listesi.pdf (PDF)
SÜPREME MAX KUNDAK TAKIMI AĞAÇ,4250.0,TL,15.02.2025 fiyat listesi.pdf (PDF)
EXTREME MAX EL KUNDAĞI PLASTİK,1333.33,TL,15.02.2025 fiyat listesi.pdf (PDF)
EXTREME MAX BOY KUNDAĞI KUNDAĞI PLASTİK,2375.0,TL,15.02.2025 fiyat listesi.pdf (PDF)
KOMPLE KASA STANDART,1416.67,TL,15.02.2025 fiyat listesi.pdf (PDF)
SÜPREME KOMPLE KASA,1575.0,TL,15.02.2025 fiyat listesi.pdf (PDF)
KOMPLE TETİK GURUBU YENİ,1375.0,TL,15.02.2025 fiyat listesi.pdf (PDF)
AKILLI PİSTON,1166.67,TL,15.02.2025 fiyat listesi.pdf (PDF)
HAZNE BORUSU,1833.33,TL,15.02.2025 fiyat listesi.pdf (PDF)
HAZNE YAYI,133.33,TL,15.02.2025 fiyat listesi.pdf (PDF)
HAZNE KAPAGI KAYIŞLIKLI,291.67,TL,15.02.2025 fiyat listesi.pdf (PDF)
GAZ PİSTONU,395.83,TL,15.02.2025 fiyat listesi.pdf (PDF)
MEKANİZMA,625.0,TL,15.02.2025 fiyat listesi.pdf (PDF)
KOMPLE KOL,1166.67,TL,15.02.2025 fiyat listesi.pdf (PDF)
KURMA KOLU,237.5,TL,15.02.2025 fiyat listesi.pdf (PDF)
KOL BURCU,200.0,TL,15.02.2025 fiyat listesi.pdf (PDF)
EMNİYET,79.17,TL,15.02.2025 fiyat listesi.pdf (PDF)
İÇ EMNİYET,120.83,TL,15.02.2025 fiyat listesi.pdf (PDF)
İLAVE TAKOZ,120.83,TL,15.02.2025 fiyat listesi.pdf (PDF)
SARI ARPACIK,100.0,TL,15.02.2025 fiyat listesi.pdf (PDF)
FOSFORLU SPARK ARPACIK,316.67,TL,15.02.2025 fiyat listesi.pdf (PDF)
FOSFORLU TRIVIZ ARPACIK,791.67,TL,15.02.2025 fiyat listesi.pdf (PDF)
SLG ARPACIK,395.83,TL,15.02.2025 fiyat listesi.pdf (PDF)
SLUG ARPACIK CANTİLİVERLİ,395.83,TL,15.02.2025 fiyat listesi.pdf (PDF)
V GEZ ESKİ,395.83,TL,15.02.2025 fiyat listesi.pdf (PDF)
METRAJLI GEZ,395.83,TL,15.02.2025 fiyat listesi.pdf (PDF)
PİKATİNİ RAY,1250.0,TL,15.02.2025 fiyat listesi.pdf (PDF)
VISION ŞOK TAKIMI,791.67,TL,15.02.2025 fiyat listesi.pdf (PDF)
SÜPREME ŞOK TAKIMI,708.33,TL,15.02.2025 fiyat listesi.pdf (PDF)
"12 CAL ŞARJÖR 2,Lİ -5,Lİ",650.0,TL,15.02.2025 fiyat listesi.pdf (PDF)
"12 CAL ŞARJÖR 7,Lİ",758.33,TL,15.02.2025 fiyat listesi.pdf (PDF)
"12 CAL ŞARJÖR 10,LU",791.67,TL,15.02.2025 fiyat listesi.pdf (PDF)
"36 CAL ŞARJÖR 17,Lİ",791.67,TL,15.02.2025 fiyat listesi.pdf (PDF)
MOD 33 KUNDAK,916.67,TL,15.02.2025 fiyat listesi.pdf (PDF)
MOD 35 KUNDAK,1083.33,TL,15.02.2025 fiyat listesi.pdf (PDF)
MOD 55 KUNDAK,1291.67,TL,15.02.2025 fiyat listesi.pdf (PDF)
MOD 70 KUNDAK,1083.33,TL,15.02.2025 fiyat listesi.pdf (PDF)
MOD 80 KUNDAK,1083.33,TL,15.02.2025 fiyat listesi.pdf (PDF)
MOD 90 KUNDAK,1083.33,TL,15.02.2025 fiyat listesi.pdf (PDF)
MOD 85 KUNDAK,1291.67,TL,15.02.2025 fiyat listesi.pdf (PDF)
MOD 125 KUNDAK,1666.67,TL,15.02.2025 fiyat listesi.pdf (PDF)
MOD 150 KUNDAK,1666.67,TL,15.02.2025 fiyat listesi.pdf (PDF)
MOD 1000 S KUNDAK,1291.67,TL,15.02.2025 fiyat listesi.pdf (PDF)
MOD 1000 X KUNDAK,1666.67,TL,15.02.2025 fiyat listesi.pdf (PDF)
MOD 105 X KUNDAK,1666.67,TL,15.02.2025 fiyat listesi.pdf (PDF)
MOD 95 KUNDAK,1666.67,TL,15.02.2025 fiyat listesi.pdf (PDF)
MOD 99 KUNDAK,1666.67,TL,15.02.2025 fiyat listesi.pdf (PDF)
MOD 135 KUNDAK,1916.67,TL,15.02.2025 fiyat listesi.pdf (PDF)
MOD 155 KUNDAK,1916.67,TL,15.02.2025 fiyat listesi.pdf (PDF)
MOD 100 X KUNDAK,1916.67,TL,15.02.2025 fiyat listesi.pdf (PDF)
MOD 125 SNIPER KUNDAK,1916.67,TL,15.02.2025 fiyat listesi.pdf (PDF)
MOD 85 SINIPER KUNDAK,1666.67,TL,15.02.2025 fiyat listesi.pdf (PDF)
DOMİNATÖR 200 S KUNDAK,1666.67,TL,15.02.2025 fiyat listesi.pdf (PDF)
DOMİNATÖR 200 W KUNDAK,2583.33,TL,15.02.2025 fiyat listesi.pdf (PDF)
1000 LİK ARPACIK,83.33,TL,15.02.2025 fiyat listesi.pdf (PDF)
1250 LİK ARPACIK,83.33,TL,15.02.2025 fiyat listesi.pdf (PDF)
ALTTAN KURMALI ARPACIK,83.33,TL,15.02.2025 fiyat listesi.pdf (PDF)
AT 44 ARPACIK,216.67,TL,15.02.2025 fiyat listesi.pdf (PDF)
BT 65 ARPACIK,216.67,TL,15.02.2025 fiyat listesi.pdf (PDF)
GEZ,191.67,TL,15.02.2025 fiyat listesi.pdf (PDF)
1000 LİK YAY,216.67,TL,15.02.2025 fiyat listesi.pdf (PDF)
1250 LİK YAY,266.67,TL,15.02.2025 fiyat listesi.pdf (PDF)
TETİK GURUBU,458.33,TL,15.02.2025 fiyat listesi.pdf (PDF)
PİSTON CONTASI,83.33,TL,15.02.2025 fiyat listesi.pdf (PDF)
REXIMEX THRONE PCP YEDEK TÜP (420cc),7291.67,TL,REXİMEX YEDEK PARÇA LİSTESİ 19.02.2026.pdf (PDF)
REXIMEX APEX / DAYSTAR / TORMENTO PCP YEDEK TÜP,6383.33,TL,REXİMEX YEDEK PARÇA LİSTESİ 19.02.2026.pdf (PDF)
REXIMEX RP PCP YEDEK TÜP,4016.67,TL,REXİMEX YEDEK PARÇA LİSTESİ 19.02.2026.pdf (PDF)
REXIMEX TÜFEK ŞARJÖRLERİ,641.67,TL,REXİMEX YEDEK PARÇA LİSTESİ 19.02.2026.pdf (PDF)
REXIMEX TABANCA ŞARJÖRLERİ,537.5,TL,REXİMEX YEDEK PARÇA LİSTESİ 19.02.2026.pdf (PDF)
REXIMEX PCP DOLUM ( JACK ) UÇLARI,816.67,TL,REXİMEX YEDEK PARÇA LİSTESİ 19.02.2026.pdf (PDF)
REXIMEX PCP DOLUM UCU ( REGÜLATÖRLÜLER İÇİN ( DAYSTAR-APEX-ZONE-META )UÇLARI,770.83,TL,REXİMEX YEDEK PARÇA LİSTESİ 19.02.2026.pdf (PDF)
REXIMEX PCP DOLUM ( RP- RPA ) UÇLARI,770.83,TL,REXİMEX YEDEK PARÇA LİSTESİ 19.02.2026.pdf (PDF)
REXIMEX THRONE PCP HAVALI NAMLU,5104.17,TL,REXİMEX YEDEK PARÇA LİSTESİ 19.02.2026.pdf (PDF)
REXIMEX THRONE PCP HAVALI NAMLU SETİ,6933.33,TL,REXİMEX YEDEK PARÇA LİSTESİ 19.02.2026.pdf (PDF)
REXİMEX KISA MODERATÖR,2000.0,TL,REXİMEX YEDEK PARÇA LİSTESİ 19.02.2026.pdf (PDF)
REXİMEX UZUN MODERATÖR,2741.67,TL,REXİMEX YEDEK PARÇA LİSTESİ 19.02.2026.pdf (PDF)
REXİMEX SCUBA DOLUM KİTİ,2566.67,TL,REXİMEX YEDEK PARÇA LİSTESİ 19.02.2026.pdf (PDF)
REXİMEX EL POMPASI DOLUM POMPSI,5366.67,TL,REXİMEX YEDEK PARÇA LİSTESİ 19.02.2026.pdf (PDF)
CARACARA SÜPER POZE AV TÜFEĞ AĞAÇ BEYAZ / SİYAH ENJEKTÖRLÜ,24500.0,TL,KRAL ARMS 2026 S.POZE-ÇİFTE  FİYAT LİSTES.pdf (PDF)
CARACARA SÜPER POZE AV TÜFEĞ PLASTİK BEYAZ / SİYAH ENJEKTÖRLÜ,22166.67,TL,KRAL ARMS 2026 S.POZE-ÇİFTE  FİYAT LİSTES.pdf (PDF)
CARACARA SÜPER POZE AV TÜFEĞ AĞAÇ BEYAZ / SİYAH ENJEKTÖRSÜZ,24500.0,TL,KRAL ARMS 2026 S.POZE-ÇİFTE  FİYAT LİSTES.pdf (PDF)
TUNDRA SÜPER POZE AV TÜFEĞ AĞAÇ BEYAZ / SİYAH ENJEKTÖRLÜ,24500.0,TL,KRAL ARMS 2026 S.POZE-ÇİFTE  FİYAT LİSTES.pdf (PDF)
TUNDRA SÜPER POZE AV TÜFEĞ PLASTİK BEYAZ / SİYAH ENJEKTÖRLÜ,23333.33,TL,KRAL ARMS 2026 S.POZE-ÇİFTE  FİYAT LİSTES.pdf (PDF)
TUNDRA SÜPER POZE AV TÜFEĞ AĞAÇ BEYAZ / SİYAH ENJEKTÖRSÜZ,24500.0,TL,KRAL ARMS 2026 S.POZE-ÇİFTE  FİYAT LİSTES.pdf (PDF)
TUNDRA TAC SÜPER POZE AV TÜFEĞ AĞAÇ BEYAZ / SİYAH ENJEKTÖRLÜ,25666.67,TL,KRAL ARMS 2026 S.POZE-ÇİFTE  FİYAT LİSTES.pdf (PDF)
TUNDRA TAC SÜPER POZE AV TÜFEĞ PLASTİK BEYAZ / SİYAH ENJEKTÖRLÜ,24500.0,TL,KRAL ARMS 2026 S.POZE-ÇİFTE  FİYAT LİSTES.pdf (PDF)
TUNDRA TRAP SÜPER POZE AV TÜFEĞ AĞAÇ BEYAZ ENJEKTÖRLÜ,43166.67,TL,KRAL ARMS 2026 S.POZE-ÇİFTE  FİYAT LİSTES.pdf (PDF)
ST-500 ELİTE SÜPER POZE AV TÜFEĞİ AĞAÇ ( GRAVÜR İŞLEME ) ENJEKTÖRLÜ,33250.0,TL,KRAL ARMS 2026 S.POZE-ÇİFTE  FİYAT LİSTES.pdf (PDF)
ST-500 ELİTE SÜPER POZE AV TÜFEĞİ AĞAÇ ( ELİTE GOLD ) ENJEKTÖRLÜ,36166.67,TL,KRAL ARMS 2026 S.POZE-ÇİFTE  FİYAT LİSTES.pdf (PDF)
ST-500 SÜPER POZE AV TÜFEĞİ AĞAÇ BEYAZ / SİYAH ENJEKTÖRLÜ,29750.0,TL,KRAL ARMS 2026 S.POZE-ÇİFTE  FİYAT LİSTES.pdf (PDF)
SİGNATURE 1 SÜPER POZE AV TÜFEĞİ ENJEKTÖRLÜ,29166.67,TL,KRAL ARMS 2026 S.POZE-ÇİFTE  FİYAT LİSTES.pdf (PDF)
SİGNATURE 2 SÜPER POZE AV TÜFEĞİ ENJEKTÖRLÜ,28000.0,TL,KRAL ARMS 2026 S.POZE-ÇİFTE  FİYAT LİSTES.pdf (PDF)
SİGNATURE 3 SÜPER POZE AV TÜFEĞİ ENJEKTÖRLÜ ( ÖREDEKLİ ),30333.33,TL,KRAL ARMS 2026 S.POZE-ÇİFTE  FİYAT LİSTES.pdf (PDF)
SİGNATURE 4 SÜPER POZE AV TÜFEĞİ ENJEKTÖRLÜ ( SÜLÜNLÜ ),30333.33,TL,KRAL ARMS 2026 S.POZE-ÇİFTE  FİYAT LİSTES.pdf (PDF)
KRAL ÇİFTE AV TÜFEĞİ BEYAZ / SİYAH ENJEKTÖRSÜZ,26833.33,TL,KRAL ARMS 2026 S.POZE-ÇİFTE  FİYAT LİSTES.pdf (PDF)
KRAL ÇİFTE AV TÜFEĞİ BEYAZ / SİYAH ENJEKTÖRSÜZ GRAVÜR İŞLEME,28000.0,TL,KRAL ARMS 2026 S.POZE-ÇİFTE  FİYAT LİSTES.pdf (PDF)
SOBM33001 BUCKMASTERS 3-9X40MM TÜFEK DÜRBÜNÜ,206.02,USD,SIG SAUER OPTİK FİYAT LİSTESİ 15.04.2025.pdf (PDF)
SOBM33002 BUCKMASTERS 3-9X50MM TÜFEK DÜRBÜNÜ,229.16,USD,SIG SAUER OPTİK FİYAT LİSTESİ 15.04.2025.pdf (PDF)
SOBM43001 BUCKMASTERS 3-12X44MM TÜFEK DÜRBÜNÜ,217.03,USD,SIG SAUER OPTİK FİYAT LİSTESİ 15.04.2025.pdf (PDF)
SOBM44001 BUCKMASTERS 4-16X44MM TÜFEK DÜRBÜNÜ,356.95,USD,SIG SAUER OPTİK FİYAT LİSTESİ 15.04.2025.pdf (PDF)
SOT41111 TANGO4 1-4X24 TÜFEK DÜRBÜNÜ,766.78,USD,SIG SAUER OPTİK FİYAT LİSTESİ 15.04.2025.pdf (PDF)
SOT44111 TANGO4 4-16X44 TÜFEK DÜRBÜNÜ,890.88,USD,SIG SAUER OPTİK FİYAT LİSTESİ 15.04.2025.pdf (PDF)
SOT61000 TANGO4 1-6X24 TÜFEK DÜRBÜNÜ,616.42,USD,SIG SAUER OPTİK FİYAT LİSTESİ 15.04.2025.pdf (PDF)
SOTM11000 TANGO MSR 1-10X28 TÜFEK DÜRBÜNÜ,889.58,USD,SIG SAUER OPTİK FİYAT LİSTESİ 15.04.2025.pdf (PDF)
SOTM61002 TANGO MSR 1-6X24 TÜFEK DÜRBÜNÜ,789.75,USD,SIG SAUER OPTİK FİYAT LİSTESİ 15.04.2025.pdf (PDF)
SOTM62000 TANGO MSR 2-12X44 TÜFEK DÜRBÜNÜ,941.67,USD,SIG SAUER OPTİK FİYAT LİSTESİ 15.04.2025.pdf (PDF)
SOTM63000 TANGO MSR 3-18X50 TÜFEK DÜRBÜNÜ,1057.29,USD,SIG SAUER OPTİK FİYAT LİSTESİ 15.04.2025.pdf (PDF)
SOTM65000 TANGO MSR 5-30X56 TÜFEK DÜRBÜNÜ,1206.25,USD,SIG SAUER OPTİK FİYAT LİSTESİ 15.04.2025.pdf (PDF)
SOTM81000 TANGO MSR 1-8X24 TÜFEK DÜRBÜNÜ,750.75,USD,SIG SAUER OPTİK FİYAT LİSTESİ 15.04.2025.pdf (PDF)
SOW33202 WHISKEY3 3-9X40 TÜFEK DÜRBÜNÜ,223.64,USD,SIG SAUER OPTİK FİYAT LİSTESİ 15.04.2025.pdf (PDF)
SOW33203 WHISKEY3 3-9X50 TÜFEK DÜRBÜNÜ,320.59,USD,SIG SAUER OPTİK FİYAT LİSTESİ 15.04.2025.pdf (PDF)
SOW33205 WHISKEY3 3-9X50 TÜFEK DÜRBÜNÜ,423.05,USD,SIG SAUER OPTİK FİYAT LİSTESİ 15.04.2025.pdf (PDF)
SOW33206 WHISKEY3 3-9X40 TÜFEK DÜRBÜNÜ,343.73,USD,SIG SAUER OPTİK FİYAT LİSTESİ 15.04.2025.pdf (PDF)
SOW43002 WHISKEY4 3-12X44 TÜFEK DÜRBÜNÜ,528.67,USD,SIG SAUER OPTİK FİYAT LİSTESİ 15.04.2025.pdf (PDF)
SOW43004 WHISKEY4 3-12X44 TÜFEK DÜRBÜNÜ,497.25,USD,SIG SAUER OPTİK FİYAT LİSTESİ 15.04.2025.pdf (PDF)
SOW44001 WHISKEY4 4-16X44 TÜFEK DÜRBÜNÜ,595.83,USD,SIG SAUER OPTİK FİYAT LİSTESİ 15.04.2025.pdf (PDF)
SOW44002 WHISKEY4 4-16X44 TÜFEK DÜRBÜNÜ,678.17,USD,SIG SAUER OPTİK FİYAT LİSTESİ 15.04.2025.pdf (PDF)
SOW45002 WHISKEY4 5-20X50 TÜFEK DÜRBÜNÜ,749.67,USD,SIG SAUER OPTİK FİYAT LİSTESİ 15.04.2025.pdf (PDF)
SOR01300 ROMEO ZERO 3MOA RED DOT,247.88,USD,SIG SAUER OPTİK FİYAT LİSTESİ 15.04.2025.pdf (PDF)
SOR11000 ROMEO1 RED DOT,503.48,USD,SIG SAUER OPTİK FİYAT LİSTESİ 15.04.2025.pdf (PDF)
SOR1P100 ROMEO1PRO RED DOT,686.36,USD,SIG SAUER OPTİK FİYAT LİSTESİ 15.04.2025.pdf (PDF)
SOR31002 ROMEO3 1X25MM 3MOA RED DOT,585.0,USD,SIG SAUER OPTİK FİYAT LİSTESİ 15.04.2025.pdf (PDF)
SOR31004 ROMEO3XL 1X35MM 3MOA RED DOT,1172.67,USD,SIG SAUER OPTİK FİYAT LİSTESİ 15.04.2025.pdf (PDF)
SOR32004 ROMEO3XL RED DOT,1172.67,USD,SIG SAUER OPTİK FİYAT LİSTESİ 15.04.2025.pdf (PDF)
SOR43011 ROMEO4H RED DOT,593.67,USD,SIG SAUER OPTİK FİYAT LİSTESİ 15.04.2025.pdf (PDF)
SOR43012 ROMEO4H RED DOT,534.33,USD,SIG SAUER OPTİK FİYAT LİSTESİ 15.04.2025.pdf (PDF)
SOR52001 ROMEO5 COMPACT RED DOT,274.32,USD,SIG SAUER OPTİK FİYAT LİSTESİ 15.04.2025.pdf (PDF)
SOR52010 ROMEO5 COMPACT RED DOT,274.32,USD,SIG SAUER OPTİK FİYAT LİSTESİ 15.04.2025.pdf (PDF)
SOR52101 ROMEO5 XDR AAA COMPACT RED DOT,274.32,USD,SIG SAUER OPTİK FİYAT LİSTESİ 15.04.2025.pdf (PDF)
SOR52102 ROMEO5 XDR COMPACT RED DOT,388.89,USD,SIG SAUER OPTİK FİYAT LİSTESİ 15.04.2025.pdf (PDF)
SOR71001 ROMEO7 FULL SIZE RED DOT,343.73,USD,SIG SAUER OPTİK FİYAT LİSTESİ 15.04.2025.pdf (PDF)
SOR72001 ROMEO MSR COMPACT RED DOT,206.02,USD,SIG SAUER OPTİK FİYAT LİSTESİ 15.04.2025.pdf (PDF)
SOR72002 ROMEO MSR COMPACT GREEN DOT,229.16,USD,SIG SAUER OPTİK FİYAT LİSTESİ 15.04.2025.pdf (PDF)
SOR72011 ROMEO MSR COMPACT RED DOT ÇÖL,206.02,USD,SIG SAUER OPTİK FİYAT LİSTESİ 15.04.2025.pdf (PDF)
SOR75001 ROMEO7S COMPACT RED DOT,328.31,USD,SIG SAUER OPTİK FİYAT LİSTESİ 15.04.2025.pdf (PDF)
SOR81001 ROMEO8H BALLISTIC RED DOT,781.78,USD,SIG SAUER OPTİK FİYAT LİSTESİ 15.04.2025.pdf (PDF)
SORMSR101 ROMEO MSR GEN 2 RED DOT,219.92,USD,SIG SAUER OPTİK FİYAT LİSTESİ 15.04.2025.pdf (PDF)
SOK10001 KILO1000 5X20 MESAFE ÖLÇER,297.46,USD,SIG SAUER OPTİK FİYAT LİSTESİ 15.04.2025.pdf (PDF)
SOK15601 BUCKMASTERS 1500 6X22 MESAFE ÖLÇER,274.32,USD,SIG SAUER OPTİK FİYAT LİSTESİ 15.04.2025.pdf (PDF)
SOK16608 KILO1600 LRF 6X22 MESAFE ÖLÇER,457.2,USD,SIG SAUER OPTİK FİYAT LİSTESİ 15.04.2025.pdf (PDF)
SOKCN606 CANYON 6X22 MESAFE ÖLÇER,287.08,USD,SIG SAUER OPTİK FİYAT LİSTESİ 15.04.2025.pdf (PDF)
SOJ31001 JULIET3 3X24 BÜYÜTÜCÜ,571.78,USD,SIG SAUER OPTİK FİYAT LİSTESİ 15.04.2025.pdf (PDF)
SOJ3M001 JULIET3 3X22 BÜYÜTÜCÜ,341.52,USD,SIG SAUER OPTİK FİYAT LİSTESİ 15.04.2025.pdf (PDF)
SOJ41001 JULIET4 4X24 BÜYÜTÜCÜ,692.97,USD,SIG SAUER OPTİK FİYAT LİSTESİ 15.04.2025.pdf (PDF)
SOJ5M001 JULIET4 4X24 BÜYÜTÜCÜ,353.17,USD,SIG SAUER OPTİK FİYAT LİSTESİ 15.04.2025.pdf (PDF)
SOF12001 FOXTROT1X TABANCA FENERİ,167.46,USD,SIG SAUER OPTİK FİYAT LİSTESİ 15.04.2025.pdf (PDF)
SOK15BM01 BUCKMASTERS 3-9X40MM & 1500 KOMBO,457.2,USD,SIG SAUER OPTİK FİYAT LİSTESİ 15.04.2025.pdf (PDF)
SOK15BM02 BUCKMASTERS 3-9X50MM & 1500 KOMBO,480.34,USD,SIG SAUER OPTİK FİYAT LİSTESİ 15.04.2025.pdf (PDF)
SOK15BM03 BUCKMASTERS 3-12X44MM & 1500 KOMBO,469.33,USD,SIG SAUER OPTİK FİYAT LİSTESİ 15.04.2025.pdf (PDF)
SOK15BM05 BUCKMASTERS 4-16X44MM & 1500 KOMBO,567.38,USD,SIG SAUER OPTİK FİYAT LİSTESİ 15.04.2025.pdf (PDF)
"SOK16BDX02 KILO1600 & SIERRA 3,5-10X42 KOMBO",1166.32,USD,SIG SAUER OPTİK FİYAT LİSTESİ 15.04.2025.pdf (PDF)
"SOK18BDX01 KILO1800 & SIERRA 4,5-14X44 KOMBO",1555.08,USD,SIG SAUER OPTİK FİYAT LİSTESİ 15.04.2025.pdf (PDF)
SORJ53101 ROMEO5&JULIET3 MICRO KOMBO,755.08,USD,SIG SAUER OPTİK FİYAT LİSTESİ 15.04.2025.pdf (PDF)
SORJ72001 ROMEO MSR&JULIET3 MICRO KOMBO,503.48,USD,SIG SAUER OPTİK FİYAT LİSTESİ 15.04.2025.pdf (PDF)
SORJ72011 ROMEO MSR&JULIET3 MICRO ÇÖL KOMBO,431.17,USD,SIG SAUER OPTİK FİYAT LİSTESİ 15.04.2025.pdf (PDF)
SORJMSR101 ROMEO MSR GEN 2&JULIET3 MICRO KOMBO,516.75,USD,SIG SAUER OPTİK FİYAT LİSTESİ 15.04.2025.pdf (PDF)
SOBM10421 BUCKMASTERS 10X42 EL DÜRBÜNÜ,213.73,USD,SIG SAUER OPTİK FİYAT LİSTESİ 15.04.2025.pdf (PDF)
SOZC0001 CANYON 10X42 EL DÜRBÜNÜ,370.5,USD,SIG SAUER OPTİK FİYAT LİSTESİ 15.04.2025.pdf (PDF)
SOA10003 ALPHA1 30MM DÜŞÜK DÜRBÜN AYAĞI,92.54,USD,SIG SAUER OPTİK FİYAT LİSTESİ 15.04.2025.pdf (PDF)
SOA10004 ALPHA1 30MM ORTA DÜRBÜN AYAĞI,92.54,USD,SIG SAUER OPTİK FİYAT LİSTESİ 15.04.2025.pdf (PDF)
SOA10005 ALPHA1 30MM YÜKSEK DÜRBÜN AYAĞI,88.14,USD,SIG SAUER OPTİK FİYAT LİSTESİ 15.04.2025.pdf (PDF)
SOA10006 ALPHA1 1İNÇ DÜŞÜK DÜRBÜN AYAĞI,76.02,USD,SIG SAUER OPTİK FİYAT LİSTESİ 15.04.2025.pdf (PDF)
SOA10008 ALPHA1 1İNÇ YÜKSEK DÜRBÜN AYAĞI,76.02,USD,SIG SAUER OPTİK FİYAT LİSTESİ 15.04.2025.pdf (PDF)
SOA10034 BUCKMASTERS DÜRBÜN AYAĞI,47.67,USD,SIG SAUER OPTİK FİYAT LİSTESİ 15.04.2025.pdf (PDF)
SOA10035 BUCKMASTERS DÜRBÜN AYAĞI,47.67,USD,SIG SAUER OPTİK FİYAT LİSTESİ 15.04.2025.pdf (PDF)
SOA20001 ALPHA 2 30MM DÜRBÜN AYAĞI,149.83,USD,SIG SAUER OPTİK FİYAT LİSTESİ 15.04.2025.pdf (PDF)
SOR1MK001 GLOCK M.KİTİ (MOS HARİÇ),114.58,USD,SIG SAUER OPTİK FİYAT LİSTESİ 15.04.2025.pdf (PDF)
SOR1MK002 CZ75 M.KİTİ,42.97,USD,SIG SAUER OPTİK FİYAT LİSTESİ 15.04.2025.pdf (PDF)
SOR1MK003 SPRINGFIELD XD M.KİTİ,42.97,USD,SIG SAUER OPTİK FİYAT LİSTESİ 15.04.2025.pdf (PDF)
SOR1MK006 1911 M.KİTİ,42.97,USD,SIG SAUER OPTİK FİYAT LİSTESİ 15.04.2025.pdf (PDF)
"SOR1MK008 P220,226,227,229-1 M.KİTİ",114.58,USD,SIG SAUER OPTİK FİYAT LİSTESİ 15.04.2025.pdf (PDF)
"SOR1MK009 P229(1HARİÇ),SP2022 M.KİTİ",114.58,USD,SIG SAUER OPTİK FİYAT LİSTESİ 15.04.2025.pdf (PDF)
SOR1MK010 P320 M.KİTİ,42.97,USD,SIG SAUER OPTİK FİYAT LİSTESİ 15.04.2025.pdf (PDF)
SOLCK1 DÜRBÜN LENSİ TEMİZLEME FIRÇASI,14.33,USD,SIG SAUER OPTİK FİYAT LİSTESİ 15.04.2025.pdf (PDF)
REXİMEX RS212 SENTETİK SİYAH Y.OTO AV TÜFEGİ,13625.0,TL,REXİMEX ATEŞLİ FİYAT LİSTESİ 19.02.2026.pdf (PDF)
A100 SİYAH,3500.0,TL,KUZEY ARMS  2025 FİYAT LİSTESİ YENİ --1.pdf (PDF)
A100 PARLAK KROM,3966.67,TL,KUZEY ARMS  2025 FİYAT LİSTESİ YENİ --1.pdf (PDF)
P122 SİYAH,3500.0,TL,KUZEY ARMS  2025 FİYAT LİSTESİ YENİ --1.pdf (PDF)
P122 SİYAH BEYAZ PARÇALI,3966.67,TL,KUZEY ARMS  2025 FİYAT LİSTESİ YENİ --1.pdf (PDF)
P122 PARLAK KROM,3966.67,TL,KUZEY ARMS  2025 FİYAT LİSTESİ YENİ --1.pdf (PDF)
S320 SİYAH,3500.0,TL,KUZEY ARMS  2025 FİYAT LİSTESİ YENİ --1.pdf (PDF)
S320 PARLAK KROM,3966.67,TL,KUZEY ARMS  2025 FİYAT LİSTESİ YENİ --1.pdf (PDF)
S900 SİYAH,3500.0,TL,KUZEY ARMS  2025 FİYAT LİSTESİ YENİ --1.pdf (PDF)
S900 PARLAK KROM,3966.67,TL,KUZEY ARMS  2025 FİYAT LİSTESİ YENİ --1.pdf (PDF)
F92 SİYAH,3500.0,TL,KUZEY ARMS  2025 FİYAT LİSTESİ YENİ --1.pdf (PDF)
F92 PARLAK KORM,3966.67,TL,KUZEY ARMS  2025 FİYAT LİSTESİ YENİ --1.pdf (PDF)
GN19 SİYAH,3500.0,TL,KUZEY ARMS  2025 FİYAT LİSTESİ YENİ --1.pdf (PDF)
GN19 PARLAK KROM,4083.33,TL,KUZEY ARMS  2025 FİYAT LİSTESİ YENİ --1.pdf (PDF)
911 PARLAK KROM,5425.0,TL,KUZEY ARMS  2025 FİYAT LİSTESİ YENİ --1.pdf (PDF)
911 PARLAK KROM İŞLEMELİ,5833.33,TL,KUZEY ARMS  2025 FİYAT LİSTESİ YENİ --1.pdf (PDF)
911 SİYAH,4958.33,TL,KUZEY ARMS  2025 FİYAT LİSTESİ YENİ --1.pdf (PDF)
911 SİYAH BEYAZ PARÇALI,4958.33,TL,KUZEY ARMS  2025 FİYAT LİSTESİ YENİ --1.pdf (PDF)
911 SİYAH İŞLEMELİ,5308.33,TL,KUZEY ARMS  2025 FİYAT LİSTESİ YENİ --1.pdf (PDF)
911 SİYAH ALTINPARÇALI,4841.67,TL,KUZEY ARMS  2025 FİYAT LİSTESİ YENİ --1.pdf (PDF)
K300 PCP ( 5.5mm ),18958.33,TL,KUZEY ARMS  2025 FİYAT LİSTESİ YENİ --1.pdf (PDF)
K600 PCP PLASTİK KUNDAK ( 5.5mm ),16916.67,TL,KUZEY ARMS  2025 FİYAT LİSTESİ YENİ --1.pdf (PDF)
K600 PCP AHŞAP( 5.5mm ),18025.0,TL,KUZEY ARMS  2025 FİYAT LİSTESİ YENİ --1.pdf (PDF)
K900 PCP ( 5.5mm ),18958.33,TL,KUZEY ARMS  2025 FİYAT LİSTESİ YENİ --1.pdf (PDF)
911-ŞARJÖR,583.33,TL,KUZEY ARMS  2025 FİYAT LİSTESİ YENİ --1.pdf (PDF)
A100-P122-S320-S900-GN19 ŞARJÖR,583.33,TL,KUZEY ARMS  2025 FİYAT LİSTESİ YENİ --1.pdf (PDF)
KIZAK,1625.0,TL,KUZEY ARMS  2025 FİYAT LİSTESİ YENİ --1.pdf (PDF)
Vormex Coss-1 5598 Red Dot 1*20 2Moa,5083.33,TL,VORMEX  2026 FİYAT LİSTESİ.pdf (PDF)
Vormex Coss-3 Red Dot,6041.67,TL,VORMEX  2026 FİYAT LİSTESİ.pdf (PDF)
Vormex Coss-4 Red Dot,5500.0,TL,VORMEX  2026 FİYAT LİSTESİ.pdf (PDF)
Vormex Coss-5 Red Dot,3833.33,TL,VORMEX  2026 FİYAT LİSTESİ.pdf (PDF)
Vormex Coss-11 Red Dot,3750.0,TL,VORMEX  2026 FİYAT LİSTESİ.pdf (PDF)
Vormex Coss-12 Red Dot **36 Kalibre Uyumlu**,2416.67,TL,VORMEX  2026 FİYAT LİSTESİ.pdf (PDF)
Vormex Coss-13 Red Dot **36 Kalibre Uyumlu**,2916.67,TL,VORMEX  2026 FİYAT LİSTESİ.pdf (PDF)
Vormex Coss-14 Red Dot **36 Kalibre Uyumlu**,2333.33,TL,VORMEX  2026 FİYAT LİSTESİ.pdf (PDF)
Vormex Coss-D26 Red Dot **36 Kalibre Uyumlu**,1458.33,TL,VORMEX  2026 FİYAT LİSTESİ.pdf (PDF)
Vormex 3-9X32 Tüfek dürbünü **PCP Tüfekler İçin Uyumlu**,2083.33,TL,VORMEX  2026 FİYAT LİSTESİ.pdf (PDF)
Vormex 3-9X40 Tüfek dürbünü **PCP Tüfekler İçin Uyumlu**,2375.0,TL,VORMEX  2026 FİYAT LİSTESİ.pdf (PDF)
Vormex 3-9X40 EG Tüfek dürbünü ( IŞIKLI) **PCP Tüfekler İçin Uyumlu**,2666.67,TL,VORMEX  2026 FİYAT LİSTESİ.pdf (PDF)
Vormex 6-24X50 AOEG Tüfek dürbünü ( IŞIKLI) **PCP Tüfekler İçin Uyumlu**,5166.67,TL,VORMEX  2026 FİYAT LİSTESİ.pdf (PDF)
Vormex Lazer 12 Kalibre Dürbün Sıfırlama Lazeri,1041.67,TL,VORMEX  2026 FİYAT LİSTESİ.pdf (PDF)
Vormex 22mm Geniş Dürbün Ayağı,229.17,TL,VORMEX  2026 FİYAT LİSTESİ.pdf (PDF)
Vormex 11mm Den 22mm Dönüştürücü Kısa Geniş Dürbün Rayı,750.0,TL,VORMEX  2026 FİYAT LİSTESİ.pdf (PDF)
Vormex 11mm Den 22mm Dönüştürücü Uzun Geniş Dürbün Rayı,770.83,TL,VORMEX  2026 FİYAT LİSTESİ.pdf (PDF)
Vormex 11mm Den 22mm Dönüştürücü Exstra Uzun Geniş Dürbün Rayı,791.67,TL,VORMEX  2026 FİYAT LİSTESİ.pdf (PDF)
Vormex Sıfırlama Lazeri Tüm Kalibrelere Uyumlu,2250.0,TL,VORMEX  2026 FİYAT LİSTESİ.pdf (PDF)
Vormex 22mm Den 11mm Dönüştürücü Dürbün Rayı,750.0,TL,VORMEX  2026 FİYAT LİSTESİ.pdf (PDF)
Vormex 2010 Fener Lazer Aparatı,333.33,TL,VORMEX  2026 FİYAT LİSTESİ.pdf (PDF)
Vormex 4048 Mini Lazer Aparatı,229.17,TL,VORMEX  2026 FİYAT LİSTESİ.pdf (PDF)
Vormex K185 Lazer Takma Aparatı,479.17,TL,VORMEX  2026 FİYAT LİSTESİ.pdf (PDF)
