Okunan_Isim_Toptanci,Yeni_Fiyat,Onerilen_1,Onerilen_2,Onerilen_3,Asil_Ideasoft_Ismi_SECILEN
Ekol ES 55,2700.0,Ekol Es 55 Füme Havalı Tabanca,Ekol Es 55 Mat Beyaz Havalı Tabanca,Ekol ES 55 Mat Siyah Havalı Tabanca,
Ekol ES 66,3510.0,EKOL ES 66 Compact Havalı Tabanca 4.5 mm - Mat Beyaz,EKOL ES 66 Compact Havalı Tabanca 4.5 mm - Saten,EKOL ES 66 Havalı Tabanca 4.5 mm - Beyaz,
Ekol ES 66 C,3510.0,EKOL ES 66 Compact Havalı Tabanca 4.5 mm - Mat Beyaz,EKOL ES 66 Compact Havalı Tabanca 4.5 mm - Saten,EKOL ES 66 Havalı Tabanca 4.5 mm - Beyaz,
Ekol ES P66,3037.5,EKOL ES P66 Compact Havalı Tabanca 4.5 mm - Siyah,EKOL ES P66 Compact Havalı Tabanca 4.5 mm - Füme,EKOL ES P66 Compact Havalı Tabanca 4.5 mm - Mat Beyaz,
Ekol ES P66 C,2902.5,EKOL ES P66 Compact Havalı Tabanca 4.5 mm - Siyah,EKOL ES P66 Compact Havalı Tabanca 4.5 mm - Füme,EKOL ES P66 Compact Havalı Tabanca 4.5 mm - Mat Beyaz,
Ekol ES P92,3442.5,EKOL ES P92 Havalı Tabanca 4.5 mm - Füme,EKOL ES P92 Havalı Tabanca 4.5 mm - Mat Beyaz,EKOL ES P92 Havalı Tabanca 4.5 mm - Parlak Krom,
Ekol ES P92 B,4320.0,EKOL ES P92 Havalı Tabanca 4.5 mm - Füme,EKOL ES P92 Havalı Tabanca 4.5 mm - Mat Beyaz,EKOL ES P92 Havalı Tabanca 4.5 mm - Parlak Krom,
Ekol FOWLER,2430.0,Ekol Fowler Kırmalı Havalı Tabanca 4.5mm Pellet & BB,,,
A612 DW CANTILEVER BOAR Y.OTO AV TÜFEĞİ,29400.0,Armsan A612 DW Cantilever Slug Boar Ayarlı Kundak Otomatik Av Tüfeği,,,
A612 DW UPLAND GOLD Y. OTO AV TÜFEĞİ,25066.67,Armsan A612 DW Upland Gold Otomatik Av Tüfeği,,,
A612 DW SLUG BOAR Y. OTO AV TÜFEĞİ,28358.33,Armsan A612 DW Cantilever Slug Boar Ayarlı Kundak Otomatik Av Tüfeği,Armsan A612 DW Slug Boar Otomatik Av Tüfeği,,
A612 DW2 SLUG BOAR Y. OTO AV TÜFEĞİ,30808.33,Armsan A612 DW2 Slug Boar Otomatik Av Tüfeği,,,
PARAGON DW BRONZ SLUG Y.OTO. AV TÜFEĞİ,30258.33,Armsan Paragon DW Bronz Slug Otomatik Av Tüfeği,,,
PARAGON GRANDE CAMO Y.OTO. AV TÜFEĞİ,29479.17,Armsan Paragon Grande Camo MAX 5 Otomatik Av Tüfeği,,,
PHENOMA INERTIA AURA W Y.OTO. AV TÜFEĞİ,27370.83,Armsan Phenoma Inertia Aura W Cantilever Slug Otomatik Av Tüfeği (Kinetik Sistem),Armsan Phenoma Inertia Aura W Slug Otomatik Av Tüfeği (Kinetik Sistem),Armsan Phenoma Inertia Aura W Otomatik Av Tüfeği (Kinetik Sistem),
PHENOMA INERTIA AURA W SLUG - CANTILEVER Y.OTO. AV TÜFEĞİ,29745.83,Armsan Phenoma Inertia Aura W Cantilever Slug Otomatik Av Tüfeği (Kinetik Sistem),,,
PHENOMA INERTIA AURA DW2 SLUG - CANTILEVER Y.OTO. AV TÜFEĞİ,32195.83,Armsan Phenoma Inertia Aura W Cantilever Slug Otomatik Av Tüfeği (Kinetik Sistem),,,
PHENOMA INERTIA AURA DW3 SLUG - CANTILEVER Y.OTO. AV TÜFEĞİ,37970.83,Armsan Phenoma Inertia Aura W Cantilever Slug Otomatik Av Tüfeği (Kinetik Sistem),,,
"PHENOMA AURA DW2,5 Y.OTO. AV TÜFEĞİ",30391.67,"Armsan Phenoma Aura DW2,5 Slug Otomatik Av Tüfeği","Armsan Phenoma Aura DW2,5 Otomatik Av Tüfeği",,
PHENOMA AURA LAMİNE Y. OTO. AV TÜFEĞİ,29370.83,Armsan Phenoma Aura Lamine Granite Cantilever Slug Otomatik Av Tüfeği,Armsan Phenoma Aura Lamine Otomatik Av Tüfeği,Armsan Phenoma Aura Lamine Cantilever Slug Otomatik Av Tüfeği,
PHENOMA ARGENTUM DW2 Y.OTO. AV TÜFEĞİ,28783.33,Armsan Phenoma Argentum DW2 Slug Otomatik Av Tüfeği,Armsan Phenoma Argentum DW2 Otomatik Av Tüfeği,,
PHENOMA CAMO SLUG - CANTILEVER Y.OTO. AV TÜFEĞİ,29462.5,Armsan Phenoma Camo Advantage Timber Cantilever Slug Otomatik Av Tüfeği,Armsan Phenoma Camo MAX 5 Cantilever Slug Otomatik Av Tüfeği,,
HATSAN HERCULES,22083.33,Hatsan Hercules 666 QE 6.35mm PCP Havalı Tüfek,Hatsan Hercules 666 QE 6.35mm FFP Dürbün + Scuba PCP Havalı Tüfek,Hatsan Hercules 666 QE 6.35mm FFP Dürbün + Scuba PCP Havalı Tüfek,
HATSAN HERCULES-BULLY,22083.33,Hatsan Hercules Bully 777 QE PCP Havalı Tüfek 6.35mm (Full Set),"Hatsan Hercules Bully Long Dürbün+Scuba PCP Havalı Tüfek, 6.35mm","Hatsan Hercules Bully Long Dürbün+Scuba PCP Havalı Tüfek, 6.35mm",
HATSAN HERCULES-BULLY LONG,22500.0,"Hatsan Hercules Bully Long Dürbün+Scuba PCP Havalı Tüfek, 6.35mm","Hatsan Hercules Bully Long Dürbün+Scuba PCP Havalı Tüfek, 6.35mm","Hatsan Hercules Bully Long Dürbün+Scuba PCP Havalı Tüfek, 6.35mm",
HATSAN HERCULES-BULLY LONG MC,24166.67,"Hatsan Hercules Bully Long MC PCP Havalı Tüfek, 6.35mm","Hatsan Hercules Bully Long Dürbün+Scuba PCP Havalı Tüfek, 6.35mm","Hatsan Hercules Bully Long Dürbün+Scuba PCP Havalı Tüfek, 6.35mm",
HATSAN BULL LONG,15000.0,Hatsan X Gladius BULL LONG QE M2 PCP Havalı Tüfek 5.5mm,Hatsan X Gladius BULL LONG QE PCP Havalı Tüfek 5.5mm,,
HATSAN BULL BOSS,12916.67,Hatsan BULL BOSS QE M1 PCP Havalı Tüfek 5.5 mm,Hatsan BULL BOSS QE PCP Havalı Tüfek 5.5 mm,,
HATSAN BULL BOSS-W,14166.67,Hatsan BULL BOSS QE M1 PCP Havalı Tüfek 5.5 mm,Hatsan BULL BOSS QE PCP Havalı Tüfek 5.5 mm,,
HATSAN NOVA,14166.67,"Hatsan Nova Compact PCP Havalı Tüfek, 5.5mm","Hatsan Nova Star LW PCP Havalı Tüfek, 5.5mm","Hatsan Nova Star Moon Shine PCP Havalı Tüfek, 5.5 mm (Dürbünlü)",
HATSAN NOVA COMPACT/QE,14166.67,"Hatsan Nova Compact PCP Havalı Tüfek, 5.5mm",,,
HATSAN NOVA STAR,19583.33,"Hatsan Nova Star LW PCP Havalı Tüfek, 5.5mm","Hatsan Nova Star Moon Shine PCP Havalı Tüfek, 5.5 mm (Dürbünlü)","Hatsan Nova Star PCP Havalı Tüfek, 5.5mm",
HATSAN NOVA STAR PR (PREMIUM),29791.67,Hatsan Nova Star Premium PCP Havalı Tüfek,,,
HATSAN AIRMAX QE,12375.0,Hatsan Airmax QE PCP Havalı Tüfek,,,
HATSAN FACTOR,20000.0,"Hatsan Factor BP FDE PCP Havalı Tüfek, 5.5",Hatsan Factor BP PCP Havalı Tüfek (Regülatörlü) + Scuba + Dürbün,"Hatsan Factor PCP Havalı Tüfek, 5.5mm",
HATSAN FACTOR RC,31250.0,"Hatsan Factor RC PCP Havalı Tüfek, 5.5mm","Hatsan Factor RC LW Mavi PCP Havalı Tüfek, 5.5mm","Hatsan Factor RC LW Mavi PCP Havalı Tüfek, 6.35mm",
HATSAN FACTOR RC RED,33333.33,"Hatsan Factor RC Red LW PCP Havalı Tüfek, 5.5mm","Hatsan Factor RC Red PCP Havalı Tüfek, 6.35 mm",,
HATSAN BLITZ MEVZİ 4,57500.0,Hatsan Blitz MEVZİ IV Full & Semi AUTO PCP Havalı Tüfek,,,
HATSAN BLITZ,33333.33,"Hatsan Blitz BP Full AUTO PCP Havalı Tüfek, 5.5mm",Hatsan Blitz BP Full AUTO PCP Havalı Tüfek 6.35mm,Hatsan Blitz Full AUTO 5.5mm FFP Dürbün + Scuba PCP Havalı Tüfek,
HATSAN FLASH,8333.33,Hatsan Flash 101 Ultimate Combo PCP Havalı Tüfek (Dürbün + Pompa),Hatsan Flash 101 Ultimate Combo PCP Havalı Tüfek,Hatsan Flash 101 Ultimate Combo PCP Havalı Tüfek,
HATSAN FLASH-W,10000.0,"Hatsan Flash 401 W PCP Havalı Tüfek, 5.5mm Combo",Hatsan Flash Pup W PCP Havalı Tüfek,"Hatsan Flash W PCP Havalı Tüfek, 5.5mm",
HATSAN FLASH-PUP-S,10000.0,Hatsan Flash Pup S PCP Havalı Tüfek,Hatsan Flash Pup W PCP Havalı Tüfek,,
HATSAN FLASH-PUP-W,11041.67,Hatsan Flash Pup W PCP Havalı Tüfek,Hatsan Flash Pup S PCP Havalı Tüfek,,
HATSAN VECTIS,10000.0,Hatsan Vectis Lever Action(Levyeli) PCP Havalı Tüfek 5.5mm,,,
HATSAN INVADER,13333.33,Hatsan Invader Auto FDE PCP Havalı Tüfek 5.5 mm,Hatsan Invader Auto FDE PCP Havalı Tüfek 6.35 mm,Hatsan Invader Auto PCP Havalı Tüfek,
HATSAN TURKBULL,15833.33,Hatsan Turkbull (Bullmaster) Yarı Otomatik PCP Havalı Tüfek,,,
HATSAN BARRAGE,15833.33,"Hatsan Barrage W PCP Havalı Tüfek, 5.5 mm","Hatsan Barrage Yarı Otomatik PCP Havalı Tüfek, 5.5mm","Hatsan Barrage Yarı Otomatik PCP Havalı Tüfek, 6.35mm",
HATSAN BARRAGE-W,16666.67,"Hatsan Barrage W PCP Havalı Tüfek, 5.5 mm","Hatsan Barrage Yarı Otomatik PCP Havalı Tüfek, 5.5mm","Hatsan Barrage Yarı Otomatik PCP Havalı Tüfek, 6.35mm",
HATSAN SORTIE-TACTICAL TABANCA,9583.33,Hatsan Sortie Tactical Yarı Otomatik PCP Havalı Tabanca,Hatsan Sortie Tactical Yarı Otomatik PCP Havalı Tabanca 6.35mm,Hatsan Sortie Tactical Yarı Otomatik PCP Havalı Tabanca,
HATSAN SORTIE-W TABANCA,10000.0,Hatsan Sortie W Ağaç Yarı Otomatik PCP Havalı Tabanca 5.5 mm,Hatsan Sortie W Ağaç Yarı Otomatik PCP Havalı Tabanca 5.5 mm,Hatsan Sortie Tactical Yarı Otomatik PCP Havalı Tabanca,
HATSAN GALATIAN-VI (Pls),16666.67,Hatsan Galatian VI Auto PCP Havalı Tüfek,,,
HATSAN GALATIAN-VI-TACT,16666.67,Hatsan Galatian Tact Auto Yarı Otomatik PCP Havalı Tüfek,,,
HATSAN BT65-SB,13333.33,Hatsan BT65 SB Elite FFP Dürbün + Scuba PCP Havalı Tüfek 5.5mm,Hatsan BT65 SB Elite FFP Dürbün + Scuba PCP Havalı Tüfek 6.35mm,Hatsan BT65 SB Elite PCP Havalı Tüfek 5.5mm,
HATSAN BT65-SB-W,15000.0,Hatsan BT65 SB - W 6.35 PCP Havalı Tüfek,Hatsan BT65 SB - W PCP Havalı Tüfek,Hatsan BT65 SB Elite FFP Dürbün + Scuba PCP Havalı Tüfek 5.5mm,
HATSAN BT65-SB-ELITE,15000.0,Hatsan BT65 SB Elite FFP Dürbün + Scuba PCP Havalı Tüfek 5.5mm,Hatsan BT65 SB Elite FFP Dürbün + Scuba PCP Havalı Tüfek 6.35mm,Hatsan BT65 SB Elite PCP Havalı Tüfek 5.5mm,
HATSAN BT65-RB-W,15000.0,Hatsan BT65 SB - W 6.35 PCP Havalı Tüfek,Hatsan BT65 SB - W PCP Havalı Tüfek,,
HATSAN BT65-RB-ELITE,15000.0,Hatsan BT65 SB Elite FFP Dürbün + Scuba PCP Havalı Tüfek 5.5mm,Hatsan BT65 SB Elite FFP Dürbün + Scuba PCP Havalı Tüfek 6.35mm,Hatsan BT65 SB Elite PCP Havalı Tüfek 5.5mm,
HATSAN AT44-S,11666.67,Hatsan AT44 Tactical Long PCP Havalı Tüfek,"Hatsan AT44 -10  Tactical PCP Havalı Tüfek, 5.5mm","Hatsan AT44 W 10 PCP Havalı Tüfek, 5.5mm",
HATSAN AT44-X,11666.67,Hatsan AT44 Tactical Long PCP Havalı Tüfek,"Hatsan AT44 -10  Tactical PCP Havalı Tüfek, 5.5mm","Hatsan AT44 W 10 PCP Havalı Tüfek, 5.5mm",
HATSAN AT44-W,12916.67,"Hatsan AT44 W 10 PCP Havalı Tüfek, 5.5mm",Hatsan AT44 Tactical Long PCP Havalı Tüfek,"Hatsan AT44 -10  Tactical PCP Havalı Tüfek, 5.5mm",
HATSAN AT44-W-X,12916.67,"Hatsan AT44 W 10 PCP Havalı Tüfek, 5.5mm",,,
HATSAN AT44-TACTICAL,12916.67,Hatsan AT44 Tactical Long PCP Havalı Tüfek,"Hatsan AT44 -10  Tactical PCP Havalı Tüfek, 5.5mm",,
HATSAN AT44-S-LONG,12916.67,Hatsan AT44 Tactical Long PCP Havalı Tüfek,,,
HATSAN AT44-TH-LONG,12916.67,Hatsan AT44 Tactical Long PCP Havalı Tüfek,,,
HATSAN AT44-W-LONG,14166.67,Hatsan AT44 Tactical Long PCP Havalı Tüfek,,,
HATSAN AT44-TACTICAL-LONG,14166.67,Hatsan AT44 Tactical Long PCP Havalı Tüfek,,,
HATSAN AT-P1 TABANCA,7500.0,"Hatsan AT P2 Tactical PCP Havalı Tabanca, 5.5mm",,,
HATSAN JET 1 TABANCA,10000.0,Hatsan JET 1 PCP Havalı Tabanca,Hatsan JET 1 PCP Havalı Tabanca,Hatsan JET 2 PCP Havalı Tabanca,
HATSAN JET 2 TABANCA,11666.67,Hatsan JET 2 PCP Havalı Tabanca,Hatsan JET 1 PCP Havalı Tabanca,Hatsan JET 3 RG PCP Havalı Tabanca,
HATSAN JET 3 TABANCA,13750.0,Hatsan JET 3 RG PCP Havalı Tabanca,Hatsan JET 1 PCP Havalı Tabanca,Hatsan JET 2 PCP Havalı Tabanca,
HATSAN POMPA,5625.0,Hatsan Flash 101 Ultimate Combo PCP Havalı Tüfek (Dürbün + Pompa),Hatsan BT65 SB Elite PCP Havalı Tüfek 6.35mm Dürbün + Pompa,Hatsan BT65 SB PCP Havalı Tüfek 6.35 mm - Dürbün + Pompa,
DOLUM UCU,316.67,Hatsan Pcp Tüfek Dolum Ucu,,,
Hatsan Mod 85 VORTEX,4500.0,Hatsan Mod 25 SuperTact Vortex QE Havalı Tabanca,,,
Hatsan AirTACT Havalı Tüfek,3000.0,"Hatsan Turcar Airtact PD Havalı Tüfek, 4.5mm (Full Set) 4x20",,,
Hatsan Turcar Havalı Tüfek,3000.0,"Hatsan Turcar Airtact PD Havalı Tüfek, 4.5mm (Full Set) 4x20",,,
HATSAN VISION,18916.67,Hatsan Escort Vision W Slug Otomatik Av Tüfeği,Hatsan Escort Vision W COMBO Otomatik Av Tüfeği,Hatsan Escort Vision W Otomatik Av Tüfeği,
TETİK,150.0,Ata Arms SP Skeet (Sökülebilen Tetik) Süperpoze Atış Tüfeği,Ata Arms SP Skeet (Sabit Tetik) Süperpoze Atış Tüfeği,Ata Arms SP Trap (Sabit Tetik) Süperpoze Atış Tüfeği,
