name,price_raw,source
YENİ-TÜR SES FİŞEĞİ,14000.0,05012026_260206_141623.PDF
BILDIRCIN ÖZEL,15500.0,05012026_260206_141623.PDF
24 GR TRAP/SKEET,16100.0,05012026_260206_141623.PDF
28 GR,16400.0,05012026_260206_141623.PDF
30 GR,16600.0,05012026_260206_141623.PDF
32 GR,17000.0,05012026_260206_141623.PDF
34 GR,17300.0,05012026_260206_141623.PDF
36 GR ECO,18000.0,05012026_260206_141623.PDF
36 GR,19600.0,05012026_260206_141623.PDF
36 ÇAP,17600.0,05012026_260206_141623.PDF
36 ÇAP KURŞUN,20670.0,05012026_260206_141623.PDF
ŞAVRETİN 12 ÇAP,20000.0,05012026_260206_141623.PDF
KURŞUN 12 ÇAP,20700.0,05012026_260206_141623.PDF
16 ÇAP,17700.0,05012026_260206_141623.PDF
20 ÇAP,17700.0,05012026_260206_141623.PDF
34 GR 03-05-07,19100.0,05012026_260206_141623.PDF
38 GR,18870.0,05012026_260206_141623.PDF
40 GR,19290.0,05012026_260206_141623.PDF
DOUBLE ACTION,23000.0,05012026_260206_141623.PDF
GUALANDI EXP,23000.0,05012026_260206_141623.PDF
STEEL,13780.0,05012026_260206_141623.PDF
ATG = Automatic Trust Gazlı (SÜPER LUX),50400.0,2025
ATG = Automatic Trust Gazlı (LUX BEYAZ / SİYAH),19630.0,2025
ATG = Automatic Trust Gazlı (STANDART) Ağaç,17680.0,2025
ATG = Automatic Trust Gazlı (PLASTİK),14250.0,2025
ATG = Automatic Trust Gazlı (KAMUFLAJ),19200.0,2025
KNT =Automatic Trust Kinetik (STANDART) Ağaç,17060.0,2025
KNT =Automatic Trust Kinetik (PLASTİK),13400.0,2025
KNT =Automatic Trust Kinetik (KAMUFLAJ),20850.0,2025
KNT =Automatic Trust Kinetik (CERAKOD-KAMUFLAJ),21830.0,2025
PRO LIGHT = TRP STD (TRAP - AYARLI KUNDAK),19500.0,2025
PRO LIGHT = TRP YB (TRAP - YÜKSEK BANT - AYARLI KUN.),29000.0,2025
PRO LIGHT = T-LUX-1 (LUX - SGR GRAVÜR),59500.0,2025
PRO LIGHT = S-LUX-1 (LUX - SGR GRAVÜR),25600.0,2025
PRO LIGHT = T-BF / TMNV (KAPAKLI - BEYAZ FULL / MENEVİŞ),30480.0,2025
PRO LIGHT = T-SK / TBK (KAPAKLI - SİYAH / BEYAZ KUŞLU),28830.0,2025
PRO LIGHT = S-SK / BK (STD- SİYAH / BEYAZ KUŞLU),19000.0,2025
PRO LIGHT = SLUG (SLUG I / II - YÜKSEK GEZ / PİKATİNLİ),21460.0,2025
PRO LIGHT = AST-1 (ASİT LAZER GRAVÜR),22680.0,2025
PRO LIGHT = WOODCOCK (ÇULLUK),26700.0,2025
PRO LIGHT = S-MNV (MENEVİŞ),28830.0,2025
PRO LIGHT = STD (SİYAH - BEYAZ - MARINE),16710.0,2025
BELLATRIX = Çifte Kırma (GOLD) LUX,23840.0,2025
BELLATRIX = Çifte Kırma (GOLD) BEYAZ - SİYAH,19630.0,2025
BELLATRIX = Çifte Kırma (BEYAZ - SİYAH),16710.0,2025
GAZİ REİS (GRT12= EL \\ ELOKSAL),14200.0,2025
GAZİ REİS (GRT12= BR \\ BRONZ),16030.0,2025
GAZİ REİS (GRT12= ET \\ ETİKETLİ),17680.0,2025
GAZİ REİS (GRT12= ES \\ ESKİTME),17680.0,2025
MAESTRO SRNY-03 HAYDAR USTA MODELİ,15000.0,2026
MAESTRO SRNY-03 HAYDAR USTA MODELİ COMBO,17500.0,2026
MAESTRO SRNY-03 SİYAH,13500.0,2026
MAESTRO SRNY-03 RENKLİ KASA,13900.0,2026
MAESTRO SRNY-03 FULL RENK,14800.0,2026
MAESTRO SRNY-03 SİYAH COMBO SET,16500.0,2026
MAESTRO SRNY-04 SİYAH,13500.0,2026
MAESTRO SRNY-04 ALTIN İŞLEME,16500.0,2026
MAESTRO SRNY-03 SİYAH COMBO SET (CERECOT),16900.0,2026
MAESTRO SRNY-03 (11+1) SİYAH,14500.0,2026
MAESTRO SRNY-03 TACTİCAL (23),13000.0,2026
MAESTRO SRNY-03 TACTİCAL (24),12000.0,2026
MAESTRO SRNY-03 TACTİCAL (22),12000.0,2026
MAESTRO SRNY-03 TACTİCAL (21),12000.0,2026
MAESTRO SRNY-03 TACTİCAL (20),12000.0,2026
Maestro X2 Modeli Yarı Otomatik AĞAÇ/PLS,9750.0,2026
Maestro X4 Modeli Yarı Otomatik AĞAÇ/PLS,9750.0,2026
Maestro X4 Modeli Yarı Otomatik (CERECOT),10250.0,2026
Maestro 10. Yıl Yarı Otomatik PLASTİK,11000.0,2026
Maestro 10. Yıl Yarı Otomatik TACTİCAL,11500.0,2026
Maestro 10. Yıl Yarı Otomatik AĞAÇ,11500.0,2026
Maestro X5 Tığ Dekor(EL İŞLEME),12000.0,2026
Maestro X6 Model Kapaklı Yarı Otomatik,11000.0,2026
Maestro AR-5 EL KUNDAĞI PLASTİK,8500.0,2026
Maestro AR-5 EL KUNDAĞI PLASTİK (CERECOT),10000.0,2026
Maestro AR-5 EL KUNDAĞI METAL,9500.0,2026
Maestro AR-5 EL KUNDAĞI METAL (CERECOT),10500.0,2026
Maestro AR-12 Şarjörlü METAL,11000.0,2026
Maestro AR-12 Şarjörlü (CERECOT),12000.0,2026
Maestro SRNY-12 Full Metal Şarjörlü,16000.0,2026
Maestro MF-12 Full Metal Şarjörlü (CERECOT),17000.0,2026
Maestro Bullpup-12 METAL,11000.0,2026
Maestro Bullpup-12 METAL (CERECOT),12000.0,2026
Maestro Çulluk Modeli (CERECOT),10000.0,2026
Maestro Çulluk Modeli,10500.0,2026
Maestro PUMP-14 SİYAH POMPALI,8000.0,2026
Maestro PUMP-02 BLACK,12000.0,2026
Maestro PUMP-03 DESERT,12000.0,2026
Maestro PUMP-13 BRONZE,12000.0,2026
Maestro PUMP 06 FULL NİKEL,11000.0,2026
Maestro PUMP-10 AĞAÇ FULL NİKEL,11000.0,2026
Maestro PUMP 09 FULL NİKEL,10500.0,2026
Maestro PUMP-08 BLACK,10000.0,2026
Maestro PUMP 05 BLACK,10000.0,2026
Full Renk Farkı,2500.0,2026
Kamuflaj Farkı Max 5,40.0,2026
Kamuflaj Farkı KUNDAKLAR,25.0,2026
Yedek Namlu X-2-X-4-X-6,4000.0,2026
Yedek Namlu 10.YIL-SRYN.03,5000.0,2026
İŞLEMELİ A.PARÇA AHŞAP KABZE,72.85,20261PERFIYLISTESI.PDF
MİNİ 8,2050.0,20261PERFIYLISTESI.PDF
MİNİ 9,2150.0,20261PERFIYLISTESI.PDF
HAVALI,2150.0,20261PERFIYLISTESI.PDF
2.700,92.0,20261PERFIYLISTESI.PDF
2.700,6.0,20261PERFIYLISTESI.PDF
F 06 K,2800.0,20261PERFIYLISTESI.PDF
2.700,90.0,20261PERFIYLISTESI.PDF
TR 14,2900.0,20261PERFIYLISTESI.PDF
TR 14 D,2950.0,20261PERFIYLISTESI.PDF
TR 14 02,2750.0,20261PERFIYLISTESI.PDF
TR 92,2950.0,20261PERFIYLISTESI.PDF
TR 92 K,3050.0,20261PERFIYLISTESI.PDF
TR 92 D,3050.0,20261PERFIYLISTESI.PDF
TR 92 02,2650.0,20261PERFIYLISTESI.PDF
TR 17,2900.0,20261PERFIYLISTESI.PDF
TR 17 K,2950.0,20261PERFIYLISTESI.PDF
TR 17 D,2950.0,20261PERFIYLISTESI.PDF
TR 17 02,3050.0,20261PERFIYLISTESI.PDF
TR 17 02 K,3100.0,20261PERFIYLISTESI.PDF
TR 17 02 D,3100.0,20261PERFIYLISTESI.PDF
MAGNUM,2950.0,20261PERFIYLISTESI.PDF
2.950,29.0,20261PERFIYLISTESI.PDF
2.950,75.0,20261PERFIYLISTESI.PDF
TR 34,3050.0,20261PERFIYLISTESI.PDF
TR 914,2950.0,20261PERFIYLISTESI.PDF
TR 914 02,3350.0,20261PERFIYLISTESI.PDF
TRZ 914,3050.0,20261PERFIYLISTESI.PDF
TRZ 914 02,3450.0,20261PERFIYLISTESI.PDF
AIR CONTROL EXTREME (ACE) SLUG SENTETİK YARI OTOMATİK AV TÜFEĞİ,20915.0,AIR
AIR CONTROL EXTREME (ACE) AHŞAP YARI OTOMATİK AV TÜFEGİ,4710.0,AIR
AIR CONTROL EXTREME (ACE) AHŞAP YARI OTOMATİK AV TÜFEGİ,4712.0,AIR
AIR CONTROL EXTREME (ACE) AHŞAP YARI OTOMATİK AV TÜFEGİ,4713.0,AIR
AIR CONTROL EXTREME (ACE) AHŞAP YARI OTOMATİK AV TÜFEGİ,4714.0,AIR
AIR CONTROL EXTREME (ACE) SENTETİK YARI OTOMATİK AV TÜFEGİ,4720.0,AIR
AIR CONTROL EXTREME (ACE) MAX5 TAM KAMUFLAJ YARI OTOMATİK AV TÜFEĞİ,4732.0,AIR
AIR CONTROL EXTREME (ACE) BOTTOMLAND BRONZ YARI OTOMATİK AV TÜFEĞİ,4737.0,AIR
AIR CONTROL EXTREME (ACE) ORJINAL BOTTOMLAND YARI OTOMATIK AV TÜFEĞİ,4738.0,AIR
AIR CONTROL EXTREME R (ACE-R) SLUG SENTETİK YARI OTOMATİK AV TÜFEĞİ,20915.0,AIR
AIR CONTROL EXTREME R (ACE-R) AHŞAP YARI OTOMATİK AV TÜFEGİ,4910.0,AIR
AIR CONTROL EXTREME R (ACE-R) AHŞAP YARI OTOMATİK AV TÜFEGİ,4912.0,AIR
AIR CONTROL EXTREME R (ACE-R) AHŞAP YARI OTOMATİK AV TÜFEGİ,4913.0,AIR
AIR CONTROL EXTREME R (ACE-R) AHŞAP YARI OTOMATİK AV TÜFEGİ,4914.0,AIR
AIR CONTROL EXTREME R (ACE-R) SENTETİK YARI OTOMATİK AV TÜFEGİ,4920.0,AIR
AIR CONTROL EXTREME R (ACE-R) MAX5 TAM KAMUFLAJ YARI OTOMATİK AV TÜFEĞİ,4932.0,AIR
AIR CONTROL EXTREME R (ACE-R) BOTTOMLAND BRONZ YARI OTOMATİK AV TÜFEĞİ,4937.0,AIR
AIR CONTROL EXTREME R (ACE-R) ORJINAL BOTTOMLAND YARI OTOMATIK AV TÜFEĞİ,4938.0,AIR
ANTALYA SS AHŞAP YARI OTOMATİK AV TÜFEĞİ,4510.0,ANTALYA
ANTALYA SS AHŞAP YARI OTOMATİK AV TÜFEĞİ,4511.0,ANTALYA
ANTALYA SS AHŞAP YARI OTOMATİK AV TÜFEĞİ,4512.0,ANTALYA
ANTALYA SS AHŞAP ÇULLUK 2+1 61CM YARI OTOMATİK AV TÜFEĞİ,22660.0,ANTALYA
ANTALYA SS AHŞAP ASİT İŞLEMELİ YARI OTOMATİK AV TÜFEĞİ,4539.0,ANTALYA
ANTALYA SS SLUG YEDEK NAMLU,4552.0,ANTALYA
ANTALYA SS CANTILEVER SLUG YEDEK NAMLU,4556.0,ANTALYA
ANTALYA SS ŞERİTLİ YEDEK NAMLU,4100.0,ANTALYA
ANTALYA SS AHŞAP KUNDAK TAKIMI,4000.0,ANTALYA
MOBİL ŞOK,275.0,ANTALYA
Ballistol Universal Yağ 50 ml (Cam Şişe),12.0,BALLISTOL
Ballistol Universal Yağ 100 ml (PLS Şişe),12.0,BALLISTOL
Ballistol Anniversary Wooden box,8.0,BALLISTOL
Ballistol Universal Yağ 500 ml,6.0,BALLISTOL
Ballistol Universal Yağ 10 LT,1.0,BALLISTOL
Ballistol Universal Kalem Yağ 15 ml,1.0,BALLISTOL
Ballistol Universal Spray Yağ 50 ml,12.0,BALLISTOL
Ballistol Universal Spray Yağ 75 ml ÖZEL FİYAT !!!,40.0,BALLISTOL
Ballistol Universal Spray Yağ 200 ml,12.0,BALLISTOL
Ballistol Universal Flex-Sprey Yağ 350 ml,12.0,BALLISTOL
Ballistol Universal Sprey Yağ 400 ml,6.0,BALLISTOL
Ballistol Universal Sprey-200 ml x 12 Adet Masaüstü Set,4440.0,BALLISTOL
Ballistol Universal Sprey-200 ml x 18 Adet Masaüstü ve Duvar Seti,6660.0,BALLISTOL
Gunex Gun Care Sprey Yağ 200 ml,6.0,BALLISTOL
Gunex Gun Care Sprey Yağ 50 ml,20.0,BALLISTOL
Guncer Ceramic Gun Sprey Yağ 50ml,12.0,BALLISTOL
Guncer Ceramic Gun Sprey Yağ 200ml,6.0,BALLISTOL
Guncer Ceramic Gun Yağ 65 ml,6.0,BALLISTOL
Usta Garage Sprey Yağ 200 ml,6.0,BALLISTOL
Usta Garage Sprey Yağ 400 ml,12.0,BALLISTOL
"Balsin Stockoil Bright, 50 ml",12.0,BALLISTOL
Balsin Stockoil Reddish brown 50 ml,12.0,BALLISTOL
Ballistol Alu Browning 50ml (Alüminyum için silah boyası),6.0,BALLISTOL
Balsin Stockoil Dark brown 50 ml,12.0,BALLISTOL
Cold Degreaser Sprey Yağ 50 ml (Soğuk Yağ Çözücü),6.0,BALLISTOL
Cold Degreaser Sprey Yağ 200 ml (Soğuk Yağ Çözücü),6.0,BALLISTOL
Plastic Clenaner 150 ml (Plastik Temizleyici),6.0,BALLISTOL
"Cleaner for optics and lenses, 30ml (Optik Temizleyici Sprey)",6.0,BALLISTOL
Robla Solo MIL 65 ml,6.0,BALLISTOL
Klever Quick-browning 50 ml (Çelik için silay boyası),6.0,BALLISTOL
Ballistol Set Quick Bluing Çantalı (50ml Universal + Silah Boyası 50ml + Cold Degreaser 50ml + 2 parça bez + 2 parça fırça),4.0,BALLISTOL
Vaseline gun grease 70 ml,6.0,BALLISTOL
Cleaner for Gun Parts (Silah Parça Temizleyici),6.0,BALLISTOL
Guncer Ceramic Gun Grease 70 g (Seramik Tabanca Gresi),6.0,BALLISTOL
Scherell's Schaftol Reddish Brown 50 ml Süngerli,12.0,BALLISTOL
Scherell's Schaftol Dark 50 ml Süngerli,12.0,BALLISTOL
Scherell's Schaftol Extra Dark 50 ml Süngerli,12.0,BALLISTOL
Scherell's Schaftol Reddish Brown 500 ml,12.0,BALLISTOL
Scherell's Schaftol Dark 500 ml,12.0,BALLISTOL
Scherell's Schaftol Extra Dark 500 ml,12.0,BALLISTOL
Ballistol Alu Browning 50ml (Alüminyum için silah boyası) SET,1.0,BALLISTOL
Pluvonin Waterproofing Sprey 200 ml,6.0,BALLISTOL
Pluvonin Waterproofing Sprey 500 ml,6.0,BALLISTOL
Ballistol Universal Kuru Temizleme Mendili 130'lu 20cm X 19CM,1.0,BALLISTOL
H1 Special Spray Yağ 200 ml,6.0,BALLISTOL
Ballistol Silicone Oil 65 ml,6.0,BALLISTOL
Cleaner for Brakes and Metal Parts Spray 500 ml (Fren ve Metal Parçalar İçin Temizleyici Yağ),6.0,BALLISTOL
Wood Glide Sprey Yağ 400 ml (Ahşap Makine Yağı),6.0,BALLISTOL
"Ballistol Kamofix Şömine, Soba ve Izgara Temizleyici Sprey 750 ml",6.0,BALLISTOL
"Ballistol Kamofix Şömine, Soba ve Izgara Temizleyici Sprey 150 ml",6.0,BALLISTOL
"Resin Remover, Pompa Sprey 750 ml (Reçine Sökücü)",6.0,BALLISTOL
"Resin Remover, Pompa Sprey 150 ml (Reçine Sökücü)",6.0,BALLISTOL
Ballistol Grill Cleaner 750 ml (Izgara Temizleyici),6.0,BALLISTOL
Ballistol Startwonder Sprey 200 ml (Motor buji yağı),6.0,BALLISTOL
Ballistol Trophy Bleaching Agent 250ml (Kupa Beyazlatma),6.0,BALLISTOL
Nerofor Quick-browning 50 ml,20.0,BALLISTOL
Ballistol Animal 100 ml,6.0,BALLISTOL
E-Bisiklet Zincir Yağı 65 ml,6.0,BALLISTOL
BikeCer Seramik Zincir Yağı Spray 200 ml,6.0,BALLISTOL
BikeClean Bisiklet Temizleyici Pompa Spray 750 ml,6.0,BALLISTOL
BikeClean Bisiklet Temizleyici Pompa Spray 150 ml,5.0,BALLISTOL
Teflon Sprey BikeDryLube 200 ml,6.0,BALLISTOL
Bike-X-Lube Bisiklet Bakım Yağı 200 ml,6.0,BALLISTOL
Biker-Wet-Protect Su Yalıtım Sprey 200 ml,6.0,BALLISTOL
Bisiklet Bakım Set: BikeCer Seramik Zincir Yağı 65ml + BikeCleaner 150 ml + Microfiber Bez 30 x 30 cm,6.0,BALLISTOL
12/70/12,1.0,BORNAGHI-FISEK
GAME 30 - YENİ -,1.0,BORNAGHI-FISEK
16/70/12,1.0,BORNAGHI-FISEK
DISPERSANTE 34,1.0,BORNAGHI-FISEK
SUPER 34 - YENİ -,1.0,BORNAGHI-FISEK
MAGNUM 50,1.0,BORNAGHI-FISEK
DELUXE 28,1.0,BORNAGHI-FISEK
DELUXE 32,1.0,BORNAGHI-FISEK
DELUXE 34,1.0,BORNAGHI-FISEK
DELUXE 36,1.0,BORNAGHI-FISEK
SPECIAL 32 - YENİ -,1.0,BORNAGHI-FISEK
LEVANTE 38 - YENİ -,1.0,BORNAGHI-FISEK
PIGEON PAPER 36 - YENİ -,1.0,BORNAGHI-FISEK
FELTRO 33 - YENİ -,1.0,BORNAGHI-FISEK
IRIS 33 - YENİ -,1.0,BORNAGHI-FISEK
FELT 30 - YENİ -,1.0,BORNAGHI-FISEK
12/70/16,1.0,BORNAGHI-FISEK
PELLETS 11/0,1.0,BORNAGHI-FISEK
SLUG CAL. 20 - Gualandi - YENİ -,1.0,BORNAGHI-FISEK
SLUG CAL. 12 - Gualandi,1.0,BORNAGHI-FISEK
SLUG CAL.36,1.0,BORNAGHI-FISEK
20 GAME2 BIOR 25,5.0,BORNAGHI-FISEK
20 SEMI MAGNUM 32,1.0,BORNAGHI-FISEK
20 EXTRA 28,3.0,BORNAGHI-FISEK
20 EXTRA 32 - YENİ -,3.0,BORNAGHI-FISEK
28 EXTRA 21,3.0,BORNAGHI-FISEK
36 EXTRA 14,1.0,BORNAGHI-FISEK
36 MAGNUM 19,5.0,BORNAGHI-FISEK
28 MAGNUM 32,5.0,BORNAGHI-FISEK
EXTRA Migratoria,8.0,BORNAGHI-FISEK
INFINITY 24,7.0,BORNAGHI-FISEK
SPORT 24,7.0,BORNAGHI-FISEK
WINNER 24,7.0,BORNAGHI-FISEK
ALL BLACK 24,7.0,BORNAGHI-FISEK
ITA EXCELLENCE 24,7.0,BORNAGHI-FISEK
EXTREME 24,7.0,BORNAGHI-FISEK
EXTREME 24,7.0,BORNAGHI-FISEK
Zz BIRD 28,7.0,BORNAGHI-FISEK
Zz PAPER 28,7.0,BORNAGHI-FISEK
RAPTOR 24 - YENİ -,7.0,BORNAGHI-FISEK
RAPTOR 24 - YENİ -,7.0,BORNAGHI-FISEK
RAPTOR 28 - YENİ -,7.0,BORNAGHI-FISEK
PAPER 28 - YENİ -,7.0,BORNAGHI-FISEK
CESARE 24 - YENİ -,7.0,BORNAGHI-FISEK
CESARE 28 - YENİ -,7.0,BORNAGHI-FISEK
7½ - 9 - 10,1.0,BORNAGHI-FISEK
B&P 24 GR COMP. ONE,1.0,BP
B&P 30 GR MB LIGHT,5.0,BP
B&P 32 GR VALLE STEEL (ÇELİK SAÇMA),128.0,BP
B&P 32 GR. NİKE,8.0,BP
B&P 32 GR MB CLASSIC,9.0,BP
B&P 33 GR AL.ANIGRINA,17.0,BP
B&P 34 GR F2 CLASSIC,20.0,BP
B&P 36 GR LONG RANGE,31.0,BP
B&P 32-33 GR GIGANTE KEÇE TAPA,37.0,BP
B&P 33 GR DISPERSANTE,39.0,BP
B&P 36 GR MYGRA COLOMBACCIO,44.0,BP
B&P 36 GR S.GİGANTE-TRICOLOR-S.FLASH(CARTONE),45.0,BP
B&P 37 GR-38 GR MG2 FLASH,51.0,BP
B&P 42 GR BABY MAGNUM,53.0,BP
B&P 36 GR ZERATİ,48000.0,BP
"BP 12 CAL 33,5GR. BİG GAME PALLETTONİ",49000.0,BP
B&P 30 GR. ACTİVE BAKIRLI ŞAVROTİN,108.0,BP
B&P 32 GR PALLA KURŞUN,65.0,BP
B&P 32 GR THRILL SHOCK KURŞUN,66.0,BP
B&P 32 GR BLACK SHOCK KURŞUN,67.0,BP
B&P 28 GR WHITE BLACKOUT HV KURŞUN,69.0,BP
"B&P 35,5 GR RED SHOCK KURŞUN",129.0,BP
B&P 35 GR HYPER SHOCK KURŞUN,130.0,BP
B&P 40 GR BLACK SHOCK MAGNUM KURŞUN,70.0,BP
B&P LEAD FREE KURŞUN,71.0,BP
B&P 20 CAL 28 GR F2 EXTRA,4.6,BP
B&P 20 CAL THRILL SHOCK KURŞUN,78.0,BP
B&P 28 CAL 17 GR THRILL SHOCK KURŞUN,81.0,BP
B&P 36 CAL 15 GR EXTRA ROSSA,82.0,BP
B&P 36 CAL 21 GR MAGNUM,83.0,BP
STANDART PLASTİK K.,701.0,CAPRA
STANDART AHŞAP K.,701.0,CAPRA
STANDART KAMUFLAJLI,701.0,CAPRA
KAPAKLI LAZER İŞLEME DEKORLU KUNDAK,701.0,CAPRA
PLASTİK GİYDİRMELİ SAFARİ MODEL,701.0,CAPRA
STANDART 10+1 SPORT RENKLİ,701.0,CAPRA
NİKEL - MARİN PLASTİK K.,701.0,CAPRA
NİKEL - MARİN AHŞAP K.,701.0,CAPRA
BARAK KASA SİYAH AHŞAP K.,505.0,CAPRA
BARAK KASA RENKLİ AHŞAP K.,506.0,CAPRA
STANDART ASİT İŞLEME - ALTIN İŞLEME,601.0,CAPRA
TACTİCAL ASLAN GEZLİ SİYAH SAÇLI,201.0,CAPRA
TACTİCAL ASLAN GEZLİ KAMUFLAJLI SAÇLI,201.0,CAPRA
TACTİCAL ASLAN GEZLİ SİYAH SAÇSIZ,202.0,CAPRA
TACTİCAL KIRKAYAKLI SİYAH SAÇSIZ,203.0,CAPRA
TACTİCAL ASLAN GEZLİ - HAKİ SAÇLI,204.0,CAPRA
TACTİCAL ASLAN GEZLİ - FDE SAÇLI,205.0,CAPRA
ASİT İŞLEME RENKLİ KASA AHŞAP K.,801.0,CAPRA
ASİT İŞLEME RENKLİ KASA AHŞAP K.,901.0,CAPRA
CONTİLEVER SİYAH,701.0,CAPRA
CONTİLEVER RENKLİ,701.0,CAPRA
CONTİLEVER KAMUFLAJLI,701.0,CAPRA
STANDART SİYAH PLASTİK K.,101.0,CAPRA
STANDART SİYAH AHŞAP K.,105.0,CAPRA
STANDART SİYAH KIRKAYAKLI PLASTİK K.,101.0,CAPRA
PLASTİK GİYDİRMELİ SAFARİ MODEL,101.0,CAPRA
SATANDART NİKEL - MARİN AHŞAP K.,101.0,CAPRA
SATANDART NİKEL - MARİN PLASTİK K.,104.0,CAPRA
TACTİCAL ASLAN GEZLİ - SİYAH SAÇSIZ,101.0,CAPRA
TACTİCAL ASLAN GEZLİ - SİYAH SAÇLI,101.0,CAPRA
TACTİCAL ASLAN GEZLİ - HAKİ SAÇLI,101.0,CAPRA
TACTİCAL ASLAN GEZLİ - FDE SAÇLI,101.0,CAPRA
MOD 101 PRO,10500.0,CAPRA
MOD 101 PRO,10750.0,CAPRA
TEK KIRMA PLASTİK,1.0,CAPRA
TEK KIRMA AĞAÇ,2.0,CAPRA
KM-12 SİYAH,12.0,CAPRA
KM-12 SİYAH- PUNTALI,12.0,CAPRA
KM-12 RENKLİ,12.0,CAPRA
KM-12 RENKLİ PUNTALI,12.0,CAPRA
KM-12 KAMUFLAJLI,12.0,CAPRA
KM-12 KAMUFLAJLI ( ÇİZGİFİLM ),12.0,CAPRA
KA-12 SİYAH,12.0,CAPRA
KA-12 RENKLİ,12.0,CAPRA
KA-12 KAMUFLAJ,12.0,CAPRA
KA-12 PRO SİYAH,12.0,CAPRA
KA-12 PRO RENKLİ,12.0,CAPRA
T3 AQUILA 12 CAL 32 GR,1.0,CHEDDİTE
T3 AQUILA 12 CAL 34 GR,9.0,CHEDDİTE
T2 ELITE 12 CAL 32 GR,12.0,CHEDDİTE
T2 ELITE 12 CAL 34 GR,12.0,CHEDDİTE
T2 TORDO 12 CAL 32 GR,12.0,CHEDDİTE
T1 DRAGO 12 CAL 29 GR,12.0,CHEDDİTE
T1 ELITE 12 CAL BUCKSHOT,11.0,CHEDDİTE
XFS 12 CAL 32 GR SLUG,12.0,CHEDDİTE
T2 ELITE 36 CAL 12 GR,31.0,CHEDDİTE
T2 PALLA 36 CAL 8 GR SLUG,35.0,CHEDDİTE
FD63A / FD62A,12.0,DAĞLIOĞLU
"₺24.250,00",12.0,DAĞLIOĞLU
FD-63 TACTİCAL,12.0,DAĞLIOĞLU
FD-63 TACTİCAL BRONZ (PLASTİK),12.0,DAĞLIOĞLU
FD-63 / FD-62(PLASTİK DİPÇİK),12.0,DAĞLIOĞLU
FD-63 / FD-62(SPORT),12.0,DAĞLIOĞLU
FD-63 / FD-62 DRAGUNOV,12.0,DAĞLIOĞLU
FD-63 / FD-62(GOLD),12.0,DAĞLIOĞLU
FD-63 LUX DRAGUNOV,12.0,DAĞLIOĞLU
"₺20.100,00",12.0,DAĞLIOĞLU
FD-63 / FD-62 FUL GRAVÜRLÜ,12.0,DAĞLIOĞLU
FD20A / FD21A,20.0,DAĞLIOĞLU
FD-20 TACTİCAL,20.0,DAĞLIOĞLU
FD-20 / FD-21(PLASTİK DİPÇİK),20.0,DAĞLIOĞLU
FD-20 / FD-21(SPORT),20.0,DAĞLIOĞLU
FD-20 / FD-21(DRAGUNOV),20.0,DAĞLIOĞLU
"₺21.300,00",20.0,DAĞLIOĞLU
FD-20 / FD-21(GOLD),20.0,DAĞLIOĞLU
FD-20 / FD-21 FUL GRAVÜRLÜ,20.0,DAĞLIOĞLU
"₺20.950,00",36.0,DAĞLIOĞLU
FD-47 TACTİCAL,36.0,DAĞLIOĞLU
FD 47(PLASTİK DİPÇİK),36.0,DAĞLIOĞLU
FD-47(SPORT),36.0,DAĞLIOĞLU
FD-47 (DRAGUNOV),36.0,DAĞLIOĞLU
FD-47(GOLD),36.0,DAĞLIOĞLU
FD-47 FUL GRAVÜRLÜ,36.0,DAĞLIOĞLU
2 Lİ YEDEK SARJOR,63.0,DAĞLIOĞLU
5 Lİ YEDEK SARJOR,63.0,DAĞLIOĞLU
8 Lİ YEDEK SARJOR,63.0,DAĞLIOĞLU
DÜRBÜN APARATI(HTP01),63.0,DAĞLIOĞLU
HAMLE M19 SİYAH ŞARJÖRLÜ Y.OTO AV TÜFEGİ,5210.0,HAMLE
HAMLE M19 HAKİ(YESİL) ŞARJÖRLÜ Y.OTO AV TÜFEGİ,5211.0,HAMLE
HAMLE M19 ESKİTME BRONZ ŞARJÖRLÜ Y.OTO AV TÜFEGİ,5212.0,HAMLE
HAMLE M19 ESKİTME MAVI ŞARJÖRLÜ Y.OTO AV TÜFEGİ,5213.0,HAMLE
HAMLE M19 ESKİTME KIRMIZI ŞARJÖRLÜ Y.OTO AV TÜFEGİ,5214.0,HAMLE
HAMLE M19 CÖL SARI ŞARJÖRLÜ Y.OTO AV TÜFEGİ,5215.0,HAMLE
HAMLE M19 SİYAH ŞARJÖRLÜ Y.OTO AV TÜFEGİ,5410.0,HAMLE
HAMLE M19 HAKİ(YESİL) ŞARJÖRLÜ Y.OTO AV TÜFEGİ,5411.0,HAMLE
HAMLE M19 ESKİTME BRONZ ŞARJÖRLÜ Y.OTO AV TÜFEGİ,5412.0,HAMLE
HAMLE M19 ESKİTME MAVI ŞARJÖRLÜ Y.OTO AV TÜFEGİ,5413.0,HAMLE
"HUNTHİNG 4,5MM BB SAÇMA(300) KOLİDE 50 ADET VAR",4.5,HAVALI
"HUNTHİNG 4,5MM BB SAÇMA(500) KOLİDE ADET VAR",45500.0,HAVALI
"HUNTHİNG 4,5MM BB SAÇMA(1500) KOLİDE 18 ADET VAR",4.5,HAVALI
"HUNTHİNG 4,5MM BB SAÇMA(2500) KOLİDE 10 ADET VAR",452500.0,HAVALI
"HUNTHİNG 4,5MM BB SAÇMA(5000) KOLİDE 6 ADET VAR",455000.0,HAVALI
HUNTHINK SİVRİ UÇLU PARAŞUT SAÇMA(içi 200),29.0,HAVALI
HUNTHINK SİVRİ UÇLU PARAŞUT SAÇMA(içi 100),5.5,HAVALI
HUNTHINK SİVRİ UÇLU PARAŞUT SAÇMA(içi 70),6.35,HAVALI
HUNTHINK (H516)CO2 HAVALI TABANCA TÜPÜ,2.0,HAVALI
HUNTHINK KAMUFLAJ DİPÇİK FİŞEKLİGİ,1.0,HUNTHINK
HUNTHINK HAKI DIPCIK FİŞEKLİGİ,2.0,HUNTHINK
HUNTHINK SUET DIPCIK FİŞEKLİGİ,3.0,HUNTHINK
HUNTHINK SIYAH DIPCIK FİŞEKLİGİ,4.0,HUNTHINK
HUNTHINK TABANCA CANTASI SIYAH,1.0,HUNTHINK
HUNTHINK TABANCA CANTASI KAHVE,1.0,HUNTHINK
HUNTHINK FOREST HUNTER UYKU TULUMU,10.0,HUNTHINK
HUNTHINK TABANCA IC KILIF SİYAH,10.0,HUNTHINK
HUNTHINK TABANCA KILIFI IMPERTEKS SİYAH,10.0,HUNTHINK
HUNTHINK TUFEK KAYISI HAKI,10.0,HUNTHINK
HUNTHINK TEK NOKTA KAYIS SİYAH,5.0,HUNTHINK
HUNTHINK CIFT NOKTA KAYIS SİYAH,5.0,HUNTHINK
HUNTHINK ACIK FİŞEKLİK,5.0,HUNTHINK
HUNTHINK KAPALI FİŞEKLİK,5.0,HUNTHINK
HUNTHINK BIBER GAZI KILIFI 60 ML,10.0,HUNTHINK
HUNNTHİNK HAKİ CEPLİ TUFEK KILIFI,5.0,HUNTHINK
HUNTHİNK SUET CEPLİ SORLU TÜFEK KILIFI,5.0,HUNTHINK
HUNTHİNK SUET CEPLİ TUFEK KILIFI,5.0,HUNTHINK
HUNTHİNK HAKİ RENK FİŞEKLİKLİ SIRT ÇANTASI,1.0,HUNTHINK
HUNTHİNK CAMEL FİŞEKLİKLİ SIRT ÇANTASI,1.0,HUNTHINK
HUNTHİNK ORMAN RENK FİŞEKLİKLİ SIRT ÇANTASI,1.0,HUNTHINK
HUNTHİNK SAZ RENGİFİŞEKLİKLİ SIRT ÇANTASI,1.0,HUNTHINK
HUNTHİNK ÇÖL RENĞİ ĞİZLENME AĞI,1.0,HUNTHINK
HUNTHİNK HAKİ YEŞİL ĞİZLENME AĞI,1.0,HUNTHINK
HUNTHINK ORMAN POLAR KAR MASKESİ,40.0,HUNTHINK
HUNTHINK BACAK KILIFI,50.0,HUNTHINK
HUNTHİNK TASLAN HAKİ TULUM ÇİZME,5.0,HUNTHINK
HUNTHİNK TASLAN HAKİ KASIK ÇİZME,5.0,HUNTHINK
HUNTHİNK HAKİ AVCI YELEGİ,1.0,HUNTHINK
HUNTHİNK HAKİ TURUNCULU AVCI YELEGİ,2.0,HUNTHINK
HUNTHİNK CAMEL AVCI YELEGİ,2.0,HUNTHINK
HUNTHİNK CAMEL TURUNCULU AV YELEGİ,2.0,HUNTHINK
HUNTHİNK HAKI AVCI YELEGİ,2.0,HUNTHINK
HUNTHİNK HAKI CEPLİ AVCI YELEGİ,2.0,HUNTHINK
HUNTHİNK LUXS SAZ KAMUFLAJ AVCI YELEGİ,2.0,HUNTHINK
HUNTHİNK LUXS ORMAN KAMUFLAJ AVCI YELEGİ,2.0,HUNTHINK
HUNTHİNK ORMAN KAMUFLAJ AVCI YELEGİ,2.0,HUNTHINK
HUNTHİNK SAZ KAMUFLAJ AVCI YELEGİ,2.0,HUNTHINK
HUNTHİNK HAKİ PREMIUM AVCI YELEGİ,2.0,HUNTHINK
HUNTHİNK HAKİ TURUNCU PREMIUM AVCI YELEGİ,2.0,HUNTHINK
Hunthink Tambur Şarjör Siyah,2500.0,HUNTHINK
Hunthink Tambur Şarjör Siyah,2500.0,HUNTHINK
Hunthink Tambur Şarjör Yeşil,3000.0,HUNTHINK
Hunthink Tambur Şarjör Kırmızı,3000.0,HUNTHINK
Hunthink Tambur Şarjör Çöl,3000.0,HUNTHINK
HUNTHINK CAKI CL0605,1.0,HUNTHINK
HUNTHINK CAKI CL0602,2.0,HUNTHINK
HUNTHINK CAKI CL04004A,3.0,HUNTHINK
HUNTHINK CAKI CL04004B,4.0,HUNTHINK
HUNTHINK CAKI CL05032A,5.0,HUNTHINK
HUNTHINK CAKI CL05032B,6.0,HUNTHINK
HUNTHINK CAKI CL05032C,7.0,HUNTHINK
HUNTHINK CAKI CL05033,8.0,HUNTHINK
HUNTHINK CAKI CL05035,9.0,HUNTHINK
HUNTHINK CAKI CL05036,10.0,HUNTHINK
HUNTHINK CAKI CL05017,11.0,HUNTHINK
HUNTHINK CAKI CL05019,12.0,HUNTHINK
HUNTHINK CAKI CL05021A,12.0,HUNTHINK
HUNTHINK CAKI CL05024,12.0,HUNTHINK
HUNTHINK CAKI CL05027A,12.0,HUNTHINK
HUNTHINK CAKI CL05027C,12.0,HUNTHINK
HUNTHINK CAKI CL05034,12.0,HUNTHINK
HUNTHINK CAKI CL05003B,12.0,HUNTHINK
HUNTHINK CAKI CL05003C,12.0,HUNTHINK
HUNTHINK CAKI CL05004,12.0,HUNTHINK
HUNTHINK CAKI CL05006A,12.0,HUNTHINK
HUNTHINK CAKI CL05010,12.0,HUNTHINK
HUNTHINK CAKI CL0625,12.0,HUNTHINK
HUNTHINK CAKI CL0654,12.0,HUNTHINK
HUNTHINK CAKI CL0655,12.0,HUNTHINK
HUNTHINK CAKI CL1020,12.0,HUNTHINK
HUNTHINK CAKI CL1025,12.0,HUNTHINK
HUNTHINK CAKI CL1021,12.0,HUNTHINK
HUNTHINK CAKI CL1032,12.0,HUNTHINK
HUNTHINK CAKI SITANDI,1.0,HUNTHINK
HUNTHINK POLİÜRETAN ÇİZME,50.0,HUNTHINK
HUNTHİNK 12 CALİBRE ALİMİNYUM HARBİ TAKIMI,12.0,HUNTHINK
HUNTHİNK 20 CALİBRE ALİMİNYUM HARBİ TAKIMI,20.0,HUNTHINK
HUNTHİNK 12 CALİBRE ALİMİNYUM HARBİ TAKIMI,12.0,HUNTHINK
HUNTHİNK 36 CALİBRE ALİMİNYUM HARBİ TAKIMI,36.0,HUNTHINK
HUNTHİNK 12 CALİBRE AHŞAP HARBİ TAKIMI,12.0,HUNTHINK
HUNTHİNK 20 CALİBRE AHŞAP HARBİ TAKIMI,20.0,HUNTHINK
HUNTHİNK 9 MM TABANCA HARBİ TAKIMI,9.0,HUNTHINK
SİYAH - CAMEL - HAKİ - BEJ,1.0,HUNTHINK
HUNTHINK OUTDOOR PANTOLON KIŞLIK,2.0,HUNTHINK
HUNTHINK SOFTSHELL MONT,2.0,HUNTHINK
SİYAH - TURUNCU - NANO - MAVİ - HAKİ,2.0,HUNTHINK
SİYAH - TURUNCU - NANO - HAKİ,2.0,HUNTHINK
HUNTHINK RÜZGARLIK,2.0,HUNTHINK
HUNTHINK BERE -BUYUNLUK-ELDİVEN SET,55.0,HUNTHINK
HUNTHINK HUYKU421 UYKU TULUMU,421.0,HUNTHINK
HUNTHİNK CAMEL ÇULLUK AVCI PANTOLONU,1.0,HUNTHINK
HUNTHİNK HAKİ ÇULLUK AVCI PANTOLONU,2.0,HUNTHINK
HUNTHİNK KAMUFULAJ PANTOLONU,2.0,HUNTHINK
HUNTHİNK CAMEL KEKLİK PANTOLONU,2.0,HUNTHINK
HUNTHİNK NANO TAKTİKAL KEMER,60.0,HUNTHINK
HUNTHİNK HAKI TAKTİKAL KEMER,60.0,HUNTHINK
HUNTHİNK SİYAH TAKTİKAL KEMER,60.0,HUNTHINK
HUNTHİNK BALIKÇI TAKIM YAGMURLUGU,1.0,HUNTHINK
HUNTHİNK BALIKÇI FERMUARLI TAKIM YAGMURLUGU,2.0,HUNTHINK
HUNTHİNK BALIKÇI BOY YAGMURLUK,3.0,HUNTHINK
HUNTHİNK SİPREY SİLAH TEMİZLEME VE BAKIM YAGI,30.0,HUNTHINK&VELLER
HUNTHİNK SİPREY PAS SOKUCU,30.0,HUNTHINK&VELLER
HUNTHİNK SİPREY NAMLU TEMİZLEME KÖPÜGÜ,24.0,HUNTHINK&VELLER
HUNTHİNK SW 40 5 KG SIVI SİLAH YAĞI,1.0,HUNTHINK&VELLER
VELLER 100 ML SİLAH TEMİZLEME YAGI,1.0,HUNTHINK&VELLER
HUNTHİNK ÇİFT KURTARMALI HÜCUM YELEĞİ,11.0,HUNTHİNK
HUNTHİNK ÇİFT KURTARMALI HÜCUM YELEĞİ,13.0,HUNTHİNK
HUNTHİNK ÇİFT KURTARMALI HÜCUM YELEĞİ,14.0,HUNTHİNK
HUNTHİNK ÇİFT KURTARMALI HÜCUM YELEĞİ,15.0,HUNTHİNK
HUNT GROUP G12 HAKİ ŞARŞÖRLÜ YARI OTOMATİK AV TÜFEĞİ,19000.0,HUNT
HUNT GROUP G12 AHŞAP ŞARŞÖRLÜ YARI OTOMATİK AV TÜFEĞİ,20000.0,HUNT
HUNT GROUP SCX-12 PLASTİK SİYAH ŞARJÖRLÜ YARI OTOMATİK AV TÜFEĞİ,13750.0,HUNT
HUNT GROUP SCX-12 PLASTİK ÇÖL ŞARJÖRLÜ YARI OTOMATİK AV TÜFEĞİ,13750.0,HUNT
HUNT GROUP SCX-12 METAL EL KUNDAKLI ÇÖL ŞARJÖRLÜ YARI OTOMATİK AV TÜFEĞİ,13750.0,HUNT
HUNT GROUP VM12 GRİ FULL METAL ŞARJÖRLÜ YARI OTOMATİK AV TÜFEĞİ,13500.0,HUNT
HUNT GROUP VM12 SİYAH FULL METAL ŞARJÖRLÜ YARI OTOMATİK AV TÜFEĞİ,13500.0,HUNT
HUNT GROUP G12 - SCX - VM12 5'Lİ YEDEK ŞARJÖR,5.0,HUNT
HUNT GROUP G12 - SCX - VM12 10'Lİ YEDEK ŞARJÖR,10.0,HUNT
SİYAH FD-12-S,17500.0,KARİYER
RENKLİ FD-12-S,18500.0,KARİYER
SİYAH FD-12-S PRO,26000.0,KARİYER
RENKLİ FD-12-S PRO,27000.0,KARİYER
SİYAH FD-12,12500.0,KARİYER
SİYAH FD-12 SOL,13500.0,KARİYER
RENKLİ FD-12,13500.0,KARİYER
RENKLİ FD-12 SOL,14500.0,KARİYER
KAMUFLAJ FD-12,14000.0,KARİYER
KAMUFLAJ FD-12 SOL,15000.0,KARİYER
SİYAH FD-20,14000.0,KARİYER
SİYAH FD-20 SOL,15000.0,KARİYER
RENKLİ FD-20,15000.0,KARİYER
RENKLİ FD-20 SOL,15500.0,KARİYER
KAMUFLAJ FD-20,15500.0,KARİYER
KAMUFLAJ FD-20 SOL,16500.0,KARİYER
SİYAH FD-12,7500.0,KARİYER
RENKLİ FD-12,8500.0,KARİYER
MASAI MARA SLUG AHŞAP YARI OTOMATİK AV TÜFEGİ,20915.0,MASAI
MASAI MARA SLUG AHŞAP YARI OTOMATİK AV TÜFFEĞİ,20915.0,MASAI
MASAI MARA SLUG SENTETİK YARI OTOMATİK AV TÜFEĞİ,20915.0,MASAI
MASAI MARA SLUG CANTILEVER AHŞAP YARI OTOMATİK AV TÜFEGİ,21865.0,MASAI
MASAI MARA SLUG CANTILEVER SENTETİK YARI OTOMATİK AV TÜFEGİ,21865.0,MASAI
MASAI MARA AHŞAP YARI OTOMATİK AV TÜFEĞİ,4210.0,MASAI
MASAI MARA AHŞAP YARI OTOMATİK AV TÜFEĞİ,4211.0,MASAI
MASAI MARA AHŞAP YARI OTOMATİK AV TÜFEĞİ,4212.0,MASAI
MASAI MARA AHŞAP YARI OTOMATİK AV TÜFEĞİ,4213.0,MASAI
MASAI MARA AHŞAP YARI OTOMATİK AV TÜFEĞİ,4214.0,MASAI
MASAI MARA AHŞAP YARI OTOMATİK AV TÜFEĞİ,4239.0,MASAI
MASAI MARA AHŞAP YARI OTOMATİK AV TÜFEĞİ,4240.0,MASAI
MASAI MARA AHŞAP ÇULLUK 2+1 61CM YARI OTOMATİK AV TÜFEĞİ,18950.0,MASAI
MASAI MARA SENTETİK YARI OTOMATİK AV TÜFEĞİ (MEKANİZMA VE TETİK BEYAZ),4219.0,MASAI
MASAI MARA SENTETİK YARI OTOMATİK AV TÜFEGİ,4220.0,MASAI
MASAI MARA MAX5 YARIM KAMUFLAJ YARI OTOMATİK AV TÜFEĞİ,4230.0,MASAI
MASAI MARA TIMBER TAM KAMUFLAJ YARI OTOMATİK AV TÜFEĞİ,4231.0,MASAI
MASAI MARA MAX5 TAM KAMUFLAJ YARI OTOMATİK AV TÜFEĞİ,4232.0,MASAI
MASAI MARA BOTTOMLAND TAM KAMUFLAJ YARI OTOMATİK AV TÜFEĞİ,4235.0,MASAI
MASAI MARA BOTTOMLAND BRONZ (KUNDAKLAR KAMUFLAJ - GÖVDE VE NAMLU BRONZ - SPORT),4237.0,MASAI
MASAI MARA MAX5 BRONZ (KUNDAKLAR KAMUFLAJ - GÖVDE VE NAMLU BRONZ - SPORT),4229.0,MASAI
MASAI MARA TIMBER BRONZ (KUNDAKLAR KAMUFLAJ - GÖVDE VE NAMLU BRONZ - SPORT),4226.0,MASAI
"MASAI MARA AHŞAP 3,5 İNÇ YARI OTOMATİK AV TÜFEĞİ",4243.0,MASAI
"MASAI MARA SENTETİK 3,5 İNÇ YARI OTOMATİK AV TÜFEĞİ",4242.0,MASAI
RETAY MASAI MARA WARDEN YARI OTOMATİK. AV TÜFEGİ,4247.0,MASAI
MASAI MARA 20 KALİBRE AHŞAP YARI OTOMATİK AV TÜFEĞİ,4110.0,MASAI
MASAI MARA 20 KALİBRE AHŞAP YARI OTOMATİK AV TÜFEĞİ,4111.0,MASAI
MASAI MARA 20 KALİBRE AHŞAP YARI OTOMATİK AV TÜFEĞİ,4112.0,MASAI
MASAI MARA 20 KALİBRE AHŞAP YARI OTOMATİK AV TÜFEĞİ,4113.0,MASAI
MASAI MARA 20 KALİBRE AHŞAP YARI OTOMATİK AV TÜFEĞİ,4114.0,MASAI
MASAI MARA 20 KALİBRE SENTETİK YARI OTOMATİK AV TÜFEGİ,4120.0,MASAI
MASAI MARA 20 KALİBRE MAX5 TAM KAMUFLAJ YARI OTOMATİK AV TÜFEGİ,4132.0,MASAI
YEDEK NAMLU SLUG,4252.0,MASAI
YEDEK NAMLU CANTILEVER SLUG,4256.0,MASAI
YEDEK NAMLU ŞERİTLİ KAMUFLAJ,4190.0,MASAI
YEDEK NAMLU ŞERİTLİ,3670.0,MASAI
AHŞAP DİPÇİK VE EL KUNDAK TAKIMI,3820.0,MASAI
SENTETİK DİPÇİK VE EL KUNDAK TAKIMI,2695.0,MASAI
RENKLİ ŞERİTLİ YEDEK NAMLU (BRONZ - GRİ VS),4090.0,MASAI
MASAI MARA TETİK GURUBU,1025.0,MASAI
MASAI MARA MEKANIZMA,1760.0,MASAI
MASAI MARA NAMLU DURBUN RAYI FARKI,900.0,MASAI
SPORT KURMA KOLU VE MEKENİZMA DÜŞÜRÜCÜ,690.0,MASAI
MOBİL ŞOK,275.0,MASAI
MAVORIC 12 KALİBRE AHŞAP MARİN 7+1 POMPALI AV TÜFEĞİ,11630.0,MAVORIC
MAVORIC 12 KALİBRE AHŞAP SİYAH 7+1 POMPALI AV TÜFEĞİ,10450.0,MAVORIC
MAVORIC 12 KALİBRE TAKTİK KABZELİ SİYAH 7+1 Y.OTO AV TÜFEĞİ,9700.0,MAVORIC
MAVORIC 12 KALİBRE AHŞAP SİYAH 5+1 Y.OTO AV TÜFEĞİ (66CM - 71CM),2010.0,MAVORIC
MAVORIC 12 KALİBRE AHŞAP SİYAH 7+1 Y.OTO AV TÜFEĞİ (51CM),10450.0,MAVORIC
MAVORIC 12 KALİBRE AHŞAP GRİ 5+1 Y.OTO AV TÜFEĞİ (66CM - 71CM),2013.0,MAVORIC
MAVORIC 12 KALİBRE AHŞAP BRONZ 5+1 Y.OTO AV TÜFEĞİ (66CM - 71CM),2014.0,MAVORIC
MAVORIC 12 KALİBRE AHŞAP SİYAH GEZLİ SLUG NAMLU Y.OTO AV TÜFEĞİ (61CM),11900.0,MAVORIC
MAVORIC 12 KALİBRE AHŞAP SİYAH CANTILEVER SLUG NAMLU Y.OTO AV TÜFEĞİ (61CM),12600.0,MAVORIC
MAVORIC 12 KALİBRE MAX5 KAMUFLAJ Y.OTO AV TÜFEĞİ (66CM - 71CM ),2032.0,MAVORIC
MESCO 12 CAL BULGURLU SES FİŞEĞİ,1.0,MESCO
MESCO LIGHT ÖZEL SERİ,81.0,MESCO
MESCO 12 CAL BILDIRCIN ÖZEL BİOR,2.0,MESCO
MESCO 12 CAL TRAP-SKEET 24 GR,4.0,MESCO
MESCO 12 CAL 28 GR BIOR,5.0,MESCO
MESCO 12 CAL 30 GR BIOR,9.0,MESCO
"1,2,3,4,5,6,7,8,9,10",12.0,MESCO
"1,2,3,4,5,6,7,8,9,10",12.0,MESCO
MESCO 12 CAL 36 GR,35.0,MESCO
MESCO 12 CAL ECO ŞAVROTİN,20000.0,MESCO
MESCO 12 CAL ŞAVROTİN 34 GR,21500.0,MESCO
MESCO 12 CAL 34 GR BIG GAME,21500.0,MESCO
MESCO 12 CAL PALLA KURŞUN,107.0,MESCO
MESCO 12 CAL STD. KURŞUN 32 GR,72.0,MESCO
MESCO 12 CAL FOSTER KURŞUN 36 GR,75.0,MESCO
MESCO 12 CAL GUALANDI KURŞUN NEW,108.0,MESCO
MESCO 12 CAL DOUBLE (ÇİFT TESİRLİ) KURŞUN,111.0,MESCO
MESCO 12 CAL RED SHOT KURŞUN 32 GR.,102.0,MESCO
"1,2,3,4,5,6,7,8,9,10",16.0,MESCO
MESCO 16 CAL ŞAVROTİN,21500.0,MESCO
MESCO 16 CAL STD.KURŞUN,74.0,MESCO
"1,2,3,4,5,6,7,8,9,10",20.0,MESCO
MESCO 20 CAL ŞAVROTİN,21500.0,MESCO
MESCO 20 CAL TEK KURŞUN,88.0,MESCO
"1,2,3,4,5,6,7,8,9,10",36.0,MESCO
MESCO 36 CAL 410 KURŞUN,76.0,MESCO
"NİKSAN PCP ELF -S 4,5 MM HAVALI TÜFEK (SENTETİK)",4.5,NİKSAN
"NİKSAN PCP ELF -S 5,5 MM HAVALI TÜFEK (SENTETİK)",5.5,NİKSAN
"NİKSAN PCP ELF -W 4,5 MM HAVALI TÜFEK (AHŞAP)",4.5,NİKSAN
"NİKSAN PCP ELF -W 5,5 MM HAVALI TÜFEK (AHŞAP)",5.5,NİKSAN
"NİKSAN PCP ARCHERO -S 4,5 MM HAVALI TÜFEK (SENTETİK)",4.5,NİKSAN
"NİKSAN PCP ARCHERO -S 5,5 MM HAVALI TÜFEK (SENTETİK)",5.5,NİKSAN
"NİKSAN PCP ARCHERO -C 4,5 MM HAVALI TÜFEK (CAMO)",4.5,NİKSAN
"NİKSAN PCP ARCHERO -C 5,5 MM HAVALI TÜFEK (CAMO)",5.5,NİKSAN
"NİKSAN PCP ESCALEDE -S 4,5 MM HAVALI TÜFEK (SENTETİK)",4.5,NİKSAN
"NİKSAN PCP ESCALEDE -S 5,5 MM HAVALI TÜFEK (SENTETİK)",5.5,NİKSAN
NİKSAN PCP ESCALEDE -S 635 MM HAVALI TÜFEK (SENTETİK),6.35,NİKSAN
"NİKSAN PCP ESCALEDE -C 4,5 MM HAVALI TÜFEK (CAMO)",4.5,NİKSAN
"NİKSAN PCP ESCALEDE -C 5,5 MM HAVALI TÜFEK (CAMO)",5.5,NİKSAN
"NİKSAN PCP ESCALEDE -C 6,35 MM HAVALI TÜFEK (CAMO)",6.35,NİKSAN
"NİKSAN PCP ESCALEDE -T 4,5 MM HAVALI TÜFEK",4.5,NİKSAN
"NİKSAN PCP ESCALEDE -T 5,5 MM HAVALI TÜFEK",5.5,NİKSAN
"NİKSAN PCP ESCALEDE -T 6,35 MM HAVALI TÜFEK",6.35,NİKSAN
"NİKSAN PCP OZARK -W 4,5 MM HAVALI TÜFEK",4.5,NİKSAN
"NİKSAN PCP OZARK -W 5,5 MM HAVALI TÜFEK",5.5,NİKSAN
"NİKSAN PCP OZARK -TS 4,5 MM HAVALI TÜFEK",4.5,NİKSAN
"NİKSAN PCP OZARK -TS 5,5 MM HAVALI TÜFEK",5.5,NİKSAN
"NİKSAN PCP OZARK -TS 6,35 MM HAVALI TÜFEK",6.35,NİKSAN
"NİKSAN PCP OZARK -TW 4,5 MM HAVALI TÜFEK",4.5,NİKSAN
"NİKSAN PCP OZARK -TW 5,5 MM HAVALI TÜFEK",5.5,NİKSAN
"NİKSAN PCP OZARK -TW 6,35 MM HAVALI TÜFEK",6.35,NİKSAN
"NİKSAN PCP TACTO -S 4,5 MM HAVALI TÜFEK",4.5,NİKSAN
"NİKSAN PCP TACTO -S 5,5 MM HAVALI TÜFEK",5.5,NİKSAN
"NİKSAN PCP TACTO -SB 4,5 MM HAVALI TÜFEK",4.5,NİKSAN
"NİKSAN PCP TACTO -SB 5,5 MM HAVALI TÜFEK",5.5,NİKSAN
"NİKSAN PCP TACTO -SB 6,35 MM HAVALI TÜFEK",6.35,NİKSAN
"NİKSAN PCP TACTO -C 4,5 MM HAVALI TÜFEK (CAMO)",4.5,NİKSAN
"NİKSAN PCP TACTO -C 5,5 MM HAVALI TÜFEK (CAMO)",5.5,NİKSAN
"NİKSAN SERPENT -S 4,5 MM HAVALI NİŞAN TABANCASI (CAMO)",4.5,NİKSAN
Y3-01,17500.0,ODIN
KIRMIZI - SİYAH KAMUFLAJ,3.0,ODIN
AMERİKAN - KAMUFLAJ,3.0,ODIN
ASKERİ - KAMUFLAJ,3.0,ODIN
KAHVERENGİ AĞAÇ DESEN,3.0,ODIN
RETAY 70S NAMLUDAN KIRMALI HAVALI TÜFEK,4.5,RETAY
RETAY 70S NAMLUDAN KIRMALI HAVALI TÜFEK,5.5,RETAY
RETAY 125X NAMLUDAN KIRMALI HAVALI TÜFEK,4.5,RETAY
RETAY 125X NAMLUDAN KIRMALI HAVALI TÜFEK,5.5,RETAY
RETAY 135X NAMLUDAN KIRMALI HAVALI TÜFEK,4.5,RETAY
RETAY 135X NAMLUDAN KIRMALI HAVALI TÜFEK,5.5,RETAY
SİYAH - SARI - YEŞİL - KAHVERENGİ,9.0,RETAY
P.KROM - M.KROM - FÜME - SATEN,1840.0,RETAY
RETAY S2022 Kurusıkı Ses Tabancası,9.0,RETAY
P.KROM - M.KROM - FÜME - SATEN,1840.0,RETAY
SİYAH - SARI - YEŞİL - KAHVERENGİ,9.0,RETAY
P.KROM - M.KROM - FÜME - SATEN,1840.0,RETAY
RETAY EAGLE-L Kurusıkı Ses Tabancası,9.0,RETAY
P.KROM - M.KROM - FÜME - SATEN,1925.0,RETAY
RETAY EAGLE-LU Kurusıkı Ses Tabancası,9.0,RETAY
P.KROM - M.KROM - FÜME - SATEN,1925.0,RETAY
RETAY EAGLE-X Kurusıkı Ses Tabancası,9.0,RETAY
P.KROM - M.KROM - FÜME - SATEN,1925.0,RETAY
RETAY EAGLE-XU Kurusıkı Ses Tabancası,9.0,RETAY
P.KROM - M.KROM - FÜME - SATEN,1925.0,RETAY
SİYAH - SARI - YEŞİL - KAHVERENGİ,9.0,RETAY
P.KROM - M.KROM - FÜME - SATEN,1840.0,RETAY
SİYAH - SARI - YEŞİL - KAHVERENGİ,9.0,RETAY
P.KROM - M.KROM - FÜME - SATEN,1840.0,RETAY
RETAY MOD 92 Kurusıkı Ses Tabancası,9.0,RETAY
P.KROM - M.KROM - FÜME - SATEN,1840.0,RETAY
RETAY PT 23 Kurusıkı Ses Tabancası,9.0,RETAY
P.KROM - M.KROM - FÜME - SATEN,1840.0,RETAY
RETAY P114 Kurusıkı Ses Tabancası,9.0,RETAY
P.KROM - M.KROM - FÜME - SATEN,1620.0,RETAY
RETAY 84 FS Kurusıkı Ses Tabancası,9.0,RETAY
P.KROM - M.KROM - FÜME - SATEN,1750.0,RETAY
RETAY XPRO Kurusıkı Ses Tabancası,9.0,RETAY
P.KROM - M.KROM - FÜME - SATEN,1840.0,RETAY
RETAY X1 Kurusıkı Ses Tabancası,1.0,RETAY
P.KROM - M.KROM - FÜME - SATEN,1840.0,RETAY
RETAY XTREME Kurusıkı Ses Tabancası,9.0,RETAY
P.KROM - M.KROM - FÜME - SATEN,1840.0,RETAY
RUBINO RBN-CP92 SİYAH HAVALI TABANCA,45.0,RUBİNO
RUBINO RBN-CP92 ÇÖL RENGİ HAVALI TABANCA,45.0,RUBİNO
RUBINO RBN-CP92 METAL SİYAH HAVALI TABANCA,45.0,RUBİNO
RUBINO RBN-1911 SİYAH HAVALI TABANCA YENİ ÜRÜN,45.0,RUBİNO
RUBINO RBN-1911 ÇÖL RENGİ HAVALI TABANCA YENİ ÜRÜN,45.0,RUBİNO
RUBINO RBN-CP66 UZİ SİYAH HAVALI TABANCA YENİ ÜRÜN,45.0,RUBİNO
RUBINO RBN-CP17 SİYAH HAVALI TABANCA,17.0,RUBİNO
RUBINO RBN-CP92 ÇÖL RENGİ HAVALI TABANCA,17.0,RUBİNO
RUBINO RBN-GL17 BLOWBACK SİYAH HAVALI TABANCA,17.0,RUBİNO
RUBINO RBN-GL17 BLOWBACK ÇÖL RENGİ HAVALI TABANCA,17.0,RUBİNO
SERPENT - S 4.5 MM HAVALI TABANCA DİPÇİKLİ,45.0,RUBİNO
RUBİNO CP (SABİT KIZAKLILAR İÇİN) YEDEK SARJOR,45.0,RUBİNO
RUBİNO GL (HARAKETLİ KIZAKLAR İÇİN)YEDEK ŞARJOR,45.0,RUBİNO
SERPENT - S 4.5 MM YEDEK ŞARJÖR,45.0,RUBİNO
SERENGETI LEGION 120 SİYAH ŞARJÖRLÜ YARI OTOMATİK AV TÜFEĞİ,7010.0,SERENGETI
SERENGETİ LEGION 120 CERAKOTE KAPLAMA RENKLİ YARI OTOMATİK AV TÜFEĞİ,17000.0,SERENGETI
SERENGETİ LEGION 120 FX ÖZEL SERİ CERAKOTE KAPLAMA RENKLİ YARI OTOMATİK AV TÜFEĞİ,17000.0,SERENGETI
SERENGETİ LEGION 120 CERAKOTE KAPMALAM RENKLİ MAGWELL YARI OTOMATİK AV TÜFEĞİ,7030.0,SERENGETI
SERENGETİ LEGION 120 2'Lİ YEDEK ŞARJÖR,270.0,SERENGETI
SERENGETİ LEGION 120 5'Lİ YEDEK ŞARJÖR,350.0,SERENGETI
SERENGETİ LEGION 120 10'Lİ YEDEK ŞARJÖR,450.0,SERENGETI
SERENGETİ AUG12 SİYAH ŞARJÖRLÜ YARI OTOMATİK AV TÜFEĞİ,7080.0,SERENGETI
SERENGETİ AUG12 BEYAZ ŞARJÖRLÜ YARI OTOMATİK AV TÜFEĞİ,7080.0,SERENGETI
SERENGETİ AUG12 HAKİ ŞARJÖRLÜ YARI OTOMATİK AV TÜFEĞİ,7080.0,SERENGETI
SERENGETI LEGION 120 PLASTİK SİYAH ŞARJÖRLÜ YARI OTOMATİK AV TÜFEĞİ,7090.0,SERENGETI
SERENGETI LEGION 120 PLASTİK ÇÖL RENGİ ŞARJÖRLÜ YARI OTOMATİK AV TÜFEĞİ,7091.0,SERENGETI
SERENGETI S-TACTİCAL SİYAH S.POZE AV TÜFEĞİ,7070.47,SERENGETI
SERENGETI S-TACTİCAL YILDIZLI BRONZ S.POZE AV TÜFEĞİ,7071.47,SERENGETI
SERENGETI S-TACTİCAL BRONZ S.POZE AV TÜFEĞİ,7072.47,SERENGETI
SERENGETI SRBULL SİYAH BULLPUP Y.OTOMATİK AV TÜFEĞİ,7084.0,SERENGETI
SERENGETI SRBULL HAKİ BULLPUP Y.OTOMATİK AV TÜFEĞİ,7085.0,SERENGETI
SERENGETI SR 22 TAKTİK SİYAH YARI OTOMATIK AV TÜFEĞİ,7040.0,SERENGETI
SERENGETI SR 22 TAKTİK CERAKOTE KAPLAMA RENKLİ YARI OTOMATIK AV TÜFEĞİ,7700.0,SERENGETI
SERENGETİ SR 22 TAKTİK FX ÖXEL SERİ CERAKOTE KAPLAMA RENKLİ YARI OTOMATİK AV TÜFEĞİ,8000.0,SERENGETI
SERENGETI SELOUS ALÜMİNYUM SİYAH S.POZE AV TÜFEĞİ,7060.0,SERENGETI
SERENGETI SELOUS ALÜMİNYUM BEYAZ S.POZE AV TÜFEĞİ,7063.0,SERENGETI
SERENGETI SELOUS ALÜMİNYUM N811X İŞLEMELİ S.POZE AV TÜFEĞİ,7061.0,SERENGETI
SERENGETI SELOUS ALÜMİNYUM N812X İŞLEMELİ S.POZE AV TÜFEĞİ,7062.0,SERENGETI
HUNTHİNK TAKTİKAL KATLANIR GEZ TAKIMI,33.0,TAKTIKAL
HUNTHİNK TAKTİKAL KOLAY SOKULUP TAKILAN KATLANIR GEZ TAKIMI,33.0,TAKTIKAL
HUNTHİNK TAKTİKAL AÇILI YAN KATLANIR GEZ TAKIMI,30.0,TAKTIKAL
TAKTİKAL SARJORLU VE AIRSOFT TÜFEKLERE UYUMLU,210.0,TAKTIKAL
HUNTHİNK TAKTİKAL AÇILI YAN GEZ TAKIMI,40.0,TAKTIKAL
HUNTHİNK TAKTİKAL KATLANIR EL TUTAMAGI,32.0,TAKTIKAL
HUNTHİNK TAKTİKAL YANA KATLANIR EL TUTAMAGI,16.0,TAKTIKAL
TAKTİKAL SARJORLU VE AIRSOFT TÜFEKLERE UYUMLU,145.0,TAKTIKAL
HUNTHİNK TAKTİKAL DÜZ KATLANIR EL TUTAMAGI,16.0,TAKTIKAL
TAKTİKAL SARJORLU VE AIRSOFT TÜFEKLERE UYUMLU,145.0,TAKTIKAL
HUNTHİNK TAKTİKAL ÇATAL AYAK,27.0,TAKTIKAL
HUNTHİNK TAKTİKAL KATLANIR GEZ TAKIMI (MK35),33.0,TAKTIKAL
HUNTHİNK TAKTİKAL L TELESKOPİK DİPÇİK,41.0,TAKTIKAL
HUNTHİNK TAKTİKAL AÇILI EL TUTAMAĞI,26.0,TAKTIKAL
HUNTHİNK TAKTİKAL PİATİNİLİ FİŞEKLİK,38.0,TAKTIKAL
HUNTHİNK TAKTİKAL RAY PEDİ AÇIK,25.0,TAKTIKAL
HUNTHİNK TAKTİKAL RAY PEDİ KAPALI,30.0,TAKTIKAL
HUNTHİNK 12-20-36 ŞOK ANAHTARI,21.0,TAKTIKAL
HUNTHİNK FOSFORLU ARPACIK,30.0,TAKTIKAL
HUNTHİNK M16 TUTAMAK VE ARPACIK SETİ,48.0,TAKTIKAL
HUNTHİNK NATO KAYIŞLIK SETİ,210.0,TAKTIKAL
HUNTHİNK ME15 AMARİKAN KAYIŞLIK SETİ,260.0,TAKTIKAL
HUNTHİNK SARI PİRİNÇ ARPACIK ARPACIK,15.0,TAKTIKAL
Truglo Gbl Dot Kendinden Yapışkanlı Çift Renk Gez Arpacık Seti,94.0,TRUGLO
Truglo Maxus 3-9x44 Yivli Tüfek Dürbünü,8539.0,TRUGLO
Truglo 22mm den 22mm Picatinny Tek Parça Dürbün Montaj Rayı,1095.0,TRUGLO
Truglo 11mm Picatinny Dönüştürücü Tek Parça Dürbün Montaj Rayı,1095.0,TRUGLO
Truglo Red-dot 3 Moa Micro XR21 Red box,8416.0,TRUGLO
Truglo SCP OMN 1-4x24 30mm IR SP,8514.0,TRUGLO
Truglo SCP OMN 1-6x24 30mm IR SP,8516.0,TRUGLO
Truglo Ignite 22mm 2 Moa Red-Dot Siyah,7625.0,TRUGLO
Truglo Tru-Tec Micro 2 Moa 25mm Red-dot,8125.0,TRUGLO
Truglo Ignite 30mm 2 Moa Red-Dot Siyah,7625.0,TRUGLO
Truglo Red-dot 42mm X2 BLK,4630.0,TRUGLO
Truglo Fosforlu Arpacık Kırmızı,70.0,TRUGLO
Truglo Fosforlu Arpacık Yeşil,70.0,TRUGLO
Upland Crew 2 Çadır - 2 Kişilik,760.0,UPLAND
Upland Crew 3XL Çadır - 4 Kişilik,1040.0,UPLAND
Upland Brabus 2 Çadır - 2 Kişilik,400022.0,UPLAND
Upland Brabus 4 Çadır - 4 Kişilik,400024.0,UPLAND
Upland Aldıs konfor çadır,3875.0,UPLAND
Upland Canton Deluxe Çadır - 2 kişilik,7100.0,UPLAND
Upland Artika Çadır - 2 Kişilik,5400.0,UPLAND
Upland Brabus Fiberglass Çadır Çubu,400.0,UPLAND
Upland Brabus 4 Blackout Çadır - 4 kişilik,400430.0,UPLAND
Upland Tunga Otomatik Çadır - 4 Kişilik,400431.0,UPLAND
Festivalkits Blackout Pop Up 2 Kişilik Çadır,2825.0,UPLAND
Bestway Adventure Chasers Pupy Çoçuk Oyun Çadırı,400436.0,UPLAND
Bestway Adventure Chasers Unicorn Çoçuk Oyun Çadırı,700.0,UPLAND
"Upland Altera Fiberglass Çadır Çubuğu 7,98m 9mm(7li)",500.0,UPLAND
"Upland Crew 3XL Fiberglass Çadır Çubuğu 4,08m 7,9mm(7li)",355.0,UPLAND
Upland Airmat Turuncu (Şişme Mat),400419.0,UPLAND
Upland Airmat Yeşil (Şişme Mat),1500.0,UPLAND
Upland Airmat Mavi (Şişme Mat),1500.0,UPLAND
Upland Uyku Tulum ÇANTASI,205.0,UPLAND
Upland Delight Katlanır Masa Küçük,400425.0,UPLAND
Upland Delight Katlanır Masa Orta,400426.0,UPLAND
Upland Delight Katlanır Masa Büyük,400427.0,UPLAND
Upland Kampçı Döküm Tava,400395.0,UPLAND
Vormex Coss-1 5598 Red Dot 1*20 2Moa,1.0,VORMEX
Vormex Coss-3 Red Dot,3.0,VORMEX
Vormex Coss-4 Red Dot,4.0,VORMEX
Vormex Coss-5 Red Dot,5.0,VORMEX
Vormex Coss-11 Red Dot,11.0,VORMEX
Vormex Coss-12 Red Dot **36 Kalibre Uyumlu**,12.0,VORMEX
Vormex Coss-13 Red Dot **36 Kalibre Uyumlu**,13.0,VORMEX
Vormex Coss-14 Red Dot **36 Kalibre Uyumlu**,14.0,VORMEX
Vormex Coss-D26 Red Dot **36 Kalibre Uyumlu**,26.0,VORMEX
Vormex 3-9X32 Tüfek dürbünü **PCP Tüfekler İçin Uyumlu**,101.0,VORMEX
Vormex 3-9X40 Tüfek dürbünü **PCP Tüfekler İçin Uyumlu**,102.0,VORMEX
Vormex 3-9X40 EG Tüfek dürbünü ( IŞIKLI) **PCP Tüfekler İçin Uyumlu**,103.0,VORMEX
Vormex 6-24X50 AOEG Tüfek dürbünü ( IŞIKLI) **PCP Tüfekler İçin Uyumlu**,104.0,VORMEX
Vormex Lazer 12 Kalibre Dürbün Sıfırlama Lazeri,42.0,VORMEX
Vormex 22mm Geniş Dürbün Ayağı,43.0,VORMEX
Vormex 11mm Den 22mm Dönüştürücü Kısa Geniş Dürbün Rayı,44.0,VORMEX
Vormex 11mm Den 22mm Dönüştürücü Uzun Geniş Dürbün Rayı,45.0,VORMEX
Vormex 11mm Den 22mm Dönüştürücü Exstra Uzun Geniş Dürbün Rayı,46.0,VORMEX
Vormex Sıfırlama Lazeri Tüm Kalibrelere Uyumlu,50.0,VORMEX
Vormex 22mm Den 11mm Dönüştürücü Dürbün Rayı,51.0,VORMEX
Vormex 2010 Fener Lazer Aparatı,52.0,VORMEX
Vormex 4048 Mini Lazer Aparatı,53.0,VORMEX
Vormex K185 Lazer Takma Aparatı,54.0,VORMEX
Winchester X3 Plus S.Shells 20/24 Gr 9,5.0,WINCHESTER
Winchester ZZ Pigeon 12/36Gr 4,5.0,WINCHESTER
Winchester ZZ Pigeon 12/36Gr 5,5.0,WINCHESTER
Winchester ZZ Pigeon 12/36Gr 6,5.0,WINCHESTER
Winchester ZZ Pigeon 12/36Gr 7.5,5.0,WINCHESTER
Winchester Zz Pigeon 20/30 Gr. 5,5.0,WINCHESTER
Winchester Zz Pigeon 20/30 Gr. 7½,5.0,WINCHESTER
Winchester Zz Canard 12/33 Gr. 3,5.0,WINCHESTER
Winchester Zz Canard 12/33 Gr. 4,5.0,WINCHESTER
Winchester Zz Canard 12/33 Gr. 5,5.0,WINCHESTER
Winchester Zz Canard 12/33 Gr. 6,5.0,WINCHESTER
Winchester Zz Canard 20/25 Gr. 4,5.0,WINCHESTER
Winchester Zz Canard 20/25 Gr. 5,5.0,WINCHESTER
Winchester Zz Canard 20/25 Gr. 6,5.0,WINCHESTER
Winchester Brenneke Slug Emerald 12 Cal,5.0,WINCHESTER
Winchester Buckshot 12/31g 12 Pel.,5.0,WINCHESTER
Winchester Buckshot 12/33g 9 Pel.,5.0,WINCHESTER
Winchester Special Petit 20/28 Gr 4,5.0,WINCHESTER
Winchester Special Petit 20/28 Gr 5,5.0,WINCHESTER
Winchester Special Petit 20/28 Gr 6,5.0,WINCHESTER
Winchester Special Petit 20/28 Gr 7,5.0,WINCHESTER
Winchester Special Petit 20/28 Gr 8,5.0,WINCHESTER
Winchester Ranger G2 12/32 Gr. 4,5.0,WINCHESTER
Winchester Ranger G2 12/32 Gr. 5,5.0,WINCHESTER
Winchester Ranger G2 12/32 Gr. 6,5.0,WINCHESTER
Winchester Ranger G2 12/32 Gr. 7,5.0,WINCHESTER
Winchester Ranger Dispersante 12/34gr 6,5.0,WINCHESTER
Winchester Ranger Dispersante 12/34gr 8,5.0,WINCHESTER
Winchester Ranger Dispersante 12/34gr 4,5.0,WINCHESTER
Winchester Ranger Dispersante 12/34gr 7,5.0,WINCHESTER
Winchester Sup.Speed(2)12/36Gr 0 200,5.0,WINCHESTER
Winchester Sup.Speed(2)12/36Gr 2 200,5.0,WINCHESTER
Winchester Sup.Speed(2)12/36Gr 4 200,5.0,WINCHESTER
Winchester Sup.Speed(2)12/36Gr 5 200,5.0,WINCHESTER
Winchester Sup.Speed(2)12/36Gr 6 200,5.0,WINCHESTER
"Winchester S. Speed G2,12-76,20mm,10/200 50Gr. P1",5.0,WINCHESTER
"Winchester S. Speed G2,12-76,20mm,10/200 50Gr. P4",5.0,WINCHESTER
"Winchester S. Speed G2,12-76,20mm,10/200 50Gr. P6",5.0,WINCHESTER
Winchester Sup.Speed G2 20/28Gr 4,5.0,WINCHESTER
Winchester Sup.Speed G2 20/28Gr 6,5.0,WINCHESTER
Winchester Sup.Speed G2 20/28Gr 7,5.0,WINCHESTER
Winchester Sup.Speed Ex.G2 12/40Gr 0,5.0,WINCHESTER
Winchester Sup.Speed Ex.G2 12/40Gr 2,5.0,WINCHESTER
Winchester Sup.Speed Ex.G2 12/40Gr 4,5.0,WINCHESTER
Winchester Special Fibre 20/28Gr 7,5.0,WINCHESTER
Winchester Special Fibre 12/32Gr 5,5.0,WINCHESTER
Winchester Special Fibre 12/32Gr 6,5.0,WINCHESTER
Winchester Special Fibre 12/32Gr 7,5.0,WINCHESTER
Winchester Special Fibre 12/32Gr 8,5.0,WINCHESTER
Winchester Special Fibre 12/34Gr 6,5.0,WINCHESTER
Winchester Special Fibre 12/34Gr 7,5.0,WINCHESTER
Winchester Special Fibre 12/36Gr 5,5.0,WINCHESTER
Winchester Special Fibre 12/36Gr 6,5.0,WINCHESTER
Winchester Special Fibre 12/36Gr 7,5.0,WINCHESTER
Winchester Special Fibre 12/36Gr 9,5.0,WINCHESTER
Winchester Slug Foster 12 Cal,5.0,WINCHESTER
"Winchester Super Grives,12/32 Gr. 7.5",5.0,WINCHESTER
"Winchester Super Grives,12/32 Gr. 9",5.0,WINCHESTER
Winchester Special Chasse 12/34Gr 1,5.0,WINCHESTER
Winchester Special Chasse 12/34Gr 3,5.0,WINCHESTER
Winchester Special Chasse 12/34Gr 4,5.0,WINCHESTER
Winchester Special Chasse 12/34Gr 7½,5.0,WINCHESTER
YENİ Winchester Xpert Daimond 12/32 Gr. 3,5.0,WINCHESTER
YENİ Winchester Xpert Daimond 12/32 Gr. 4,5.0,WINCHESTER
YENİ Winchester Xpert Daimond 12/32 Gr. 5,5.0,WINCHESTER
YENİ Winchester Xpert Daimond 12/32 Gr. 6,5.0,WINCHESTER
YENİ Winchester Xpert Daimond 12/32 Gr. 7,5.0,WINCHESTER
YENİ Winchester Xpert Daimond 12/32 Gr. 8,5.0,WINCHESTER
YENİ Winchester Xpert Emerald 12/28 Gr. 6,5.0,WINCHESTER
YENİ Winchester Xpert Emerald 12/28 Gr. 7½,5.0,WINCHESTER
YENİ Winchester Xpert Emerald 12/28 Gr. 9½,5.0,WINCHESTER
YENİ Winchester Xpert Emerald 12/34 Gr. 1,5.0,WINCHESTER
YENİ Winchester Xpert Emerald 12/34 Gr. 3,5.0,WINCHESTER
YENİ Winchester Xpert Emerald 12/34 Gr. 4,5.0,WINCHESTER
YENİ Winchester Xpert Emerald 12/34 Gr. 5,5.0,WINCHESTER
YENİ Winchester Xpert Emerald 12/34 Gr. 6,5.0,WINCHESTER
YENİ Winchester Xpert Emerald 12/34 Gr. 7,5.0,WINCHESTER
YENİ Winchester Xpert Pearl 12/30 Gr. 5,5.0,WINCHESTER
YENİ Winchester Xpert Pearl 12/30 Gr. 6,5.0,WINCHESTER
YENİ Winchester Xpert Pearl 12/30 Gr. 7½,5.0,WINCHESTER
YENİ Winchester Xpert Pearl 12/30 Gr. 9½,5.0,WINCHESTER
YENİ Winchester X2 ShotShell 12/24 Gr 7½,5.0,WINCHESTER
YENİ Winchester X2 ShotShell 12/24 Gr 8,5.0,WINCHESTER
YENİ Winchester X2 ShotShell 12/24 Gr 9,5.0,WINCHESTER
YENİ Winchester X2 ShotShell 12/24 Gr. 9½,5.0,WINCHESTER
YENİ Winchester X2 ShotShell 12/28 Gr 7½,5.0,WINCHESTER
YENİ Winchester X3 Plus S.Shell 12/24 Gr 7½,5.0,WINCHESTER
Winchester Special Plaines 12/34 Gr. 4 Ni,5.0,WINCHESTER
Winchester Special Plaines 12/34 Gr. 5 Ni,5.0,WINCHESTER
Winchester Special Plaines 12/34 Gr. 6 Ni,5.0,WINCHESTER
Winchester Special Plaines 12/34 Gr. 7.5 Ni,5.0,WINCHESTER
Winchester Steel Special Plaines 20/24 Gr. 4,5.0,WINCHESTER
Winchester Steel Special Plaines 20/24 Gr. 5,5.0,WINCHESTER
Winchester Steel Special Plaines 20/24 Gr. 6,5.0,WINCHESTER
Winchester Steel Special Plaines 20/24 Gr. 7,5.0,WINCHESTER
Winchester Xtra Duo Faisan 12/36 Gr. 7.5,5.0,WINCHESTER
Winchester Sup.XX Magnum 3½ 12/63 0,5.0,WINCHESTER
Winchester Sup.XX Magnum 3½ 12/63 2,5.0,WINCHESTER
"Winchester Super XX 12-70,20mm,35g,25/250 P5",5.0,WINCHESTER
"Winchester Super XX 12-70,20mm,35g,25/250 P6",5.0,WINCHESTER
Winchester Sup.XX Magnum 3½ 12/63 0,5.0,WINCHESTER
Winchester Sup.XX Magnum 3½ 12/63 2,5.0,WINCHESTER
Winchester Steel Standard Pres 12/28 Gr. 4,5.0,WINCHESTER
Winchester Steel Standard Pres 12/28 Gr. 5,5.0,WINCHESTER
Winchester Steel Standard Pres 12/28 Gr. 6,5.0,WINCHESTER
Winchester Parcours 12/28 Gr. 7½,5.0,WINCHESTER
Winchester Slug Supr.Rackmaster 12Cal,5.0,WINCHESTER
"Winchester Buckshot Double X,12-89,15x Cu00 5/250",5.0,WINCHESTER
Winchester Steel Blind Side 12Cal.35gr 2,5.0,WINCHESTER
Winchester Steel Blind Side 12Cal.39gr 3,5.0,WINCHESTER
Winchester Steel Blind Side 12Cal.46gr 3,5.0,WINCHESTER
Winchester Steel Blind Side 12Cal.35gr 5,5.0,WINCHESTER
Winchester Slug Sabot Suprem.Dual Bond 12,5.0,WINCHESTER
Winchester Slug Sabot Platinium Tip 12Cal,5.0,WINCHESTER
Winchester Long Beard XR 12-76 49Gr P4,5.0,WINCHESTER
Winchester Long Beard XR 12-76 49Gr P6,5.0,WINCHESTER
Winchester Long Beard XR 12-89 56Gr P4,5.0,WINCHESTER
Winchester Long Beard XR 12-89 56Gr P6,5.0,WINCHESTER
Winchester Slug Sabot Supr.Elite 12Cal.,5.0,WINCHESTER
Winchester Super-X Rifled 12-76 28Gr Slug,5.0,WINCHESTER
Winchester Slug Super-X Rifled HP.12Cal,5.0,WINCHESTER
Winchester Buckshot S.Double-X 15P 12-76 Şavrotin,5.0,WINCHESTER
Winchester Slug Super-X Rifled HP 20Cal,5.0,WINCHESTER
Winchester Slug Super-X Rifled HP 36Cal,5.0,WINCHESTER
Winchester Buckshot Super-X 9P 12cal,5.0,WINCHESTER
Winchester Buckshot Super-X 20P 20-70,5.0,WINCHESTER
Winchester Slug Sabot Super X Bri 12Cal,5.0,WINCHESTER
Winchester Slug Sabot Super X Bri Mag 12,5.0,WINCHESTER
Winchester Slug Sabot Super-X Bri.20Cal,5.0,WINCHESTER
Winchester Aa Light Handicap 12/28 Gr. 7.5,5.0,WINCHESTER
Winchester Aa Xtra Light 12/28 Gr. 7.5,5.0,WINCHESTER
Winchester Aa Sporting Clays 12/28 Gr. 7.5,5.0,WINCHESTER
Winchester Universal 122 32Gr 10 200,5.0,WINCHESTER
SİYAH TACTİCAL,1.0,YNG
NİKEL TACTİCAL,2.0,YNG
HAKİ TACTİCAL,3.0,YNG
BRONZ TACTİCAL,4.0,YNG
KAMUFLAJLI ŞERİTLİ,5.0,YNG
SİYAH AHŞAP ŞERİTLİ,6.0,YNG
SİYAH AHŞAP,7.0,YNG
SİYAH AHŞAP LEVYELİ,8.0,YNG
NİKEL AHŞAP LEVYELİ,21000.0,YNG
HAKİ AHŞAP,9.0,YNG
NİKEL AHŞAP,10.0,YNG
BRONZ AHŞAP,11.0,YNG
SİYAH MERMER DESEN,12.0,YNG
KREM MERMER DESEN,13.0,YNG
NİKEL AHŞAP ALTIN İŞLEMELİ,24000.0,YNG
